<?xml version="1.0" encoding="UTF-8"?>
<kml xmlns="http://www.opengis.net/kml/2.2" xmlns:gx="http://www.google.com/kml/ext/2.2">
    <Document id="1797197">
        <Placemark id="1797203">
            <name>01.09.26 Орехов - Червоная Криница

Последствия боевых действий в районе Орехова.
Заявлено как военнослужащие ВС РФ фиксирующие контроль позиций в населённом пункте Червоная Криница. В жилой застройке подняты флаги Российской Федерации. Продвижение инфильтрационной группы ВС РФ до 8 км на северном охвате Орехова.

 `47.60278,35.88348`         
 `47.60114,35.89574`         

Источник https://t.me/voin_dv/20928
Геопривязка https://t.me/p0dimorka
Геопривязка https://t.me/Shtabikus
#ru #add</name>
            <description>https://t.me/creamy_caprice/12846</description>
            <ExtendedData>
                <Data name="описание">
                    <value>https://t.me/creamy_caprice/12846</value>
                </Data>
                <Data name="позиция">
                    <value>ВС РФ</value>
                </Data>
                <Data name="дата">
                    <value>2026.09.01</value>
                </Data>
            </ExtendedData>
            <MultiGeometry id="1797202">
                <Point id="1797204">
                    <coordinates>35.88348,47.60278,0.0</coordinates>
                </Point>
                <Point id="1797206">
                    <coordinates>35.89574,47.60114,0.0</coordinates>
                </Point>
            </MultiGeometry>
        </Placemark>
        <Placemark id="1797213">
            <name>01.09.26 Славянск - Райгородок

Активные боевые действия в районе Славянска.
ВС РФ ударом FPV-дрона сжигает оставленный бронетранспортёр ВСУ на позиции около слияние рек Северский Донец и Казённый Торец. Удаление от зоны контроля ВС РФ 6 км.

 `48.89996,37.75259`         

Источник https://t.me/BV25org/3325
Геопривязка https://t.me/Liteyn
#ua #add</name>
            <description>https://t.me/creamy_caprice/12850</description>
            <ExtendedData>
                <Data name="описание">
                    <value>https://t.me/creamy_caprice/12850</value>
                </Data>
                <Data name="позиция">
                    <value>ВСУ</value>
                </Data>
                <Data name="дата">
                    <value>2026.09.01</value>
                </Data>
            </ExtendedData>
            <Point id="1797212">
                <coordinates>37.75259,48.89996,0.0</coordinates>
            </Point>
        </Placemark>
        <Placemark id="1797219">
            <name>01.09.26 Сумы - Могрица

Последствия боевых действий в Сумской зоне безопасности.
Военнослужащие ВСУ поднимают флаг Украины в южной части Могрицы, заявляя контроль населённого пункта за собой. Уточнение зоны контроля ВСУ.

 `51.02542,35.12125`         

Источник 21+ https://www.instagram.com/21ombr/reel/Dcu3LgflU8e/
Геопривязка https://t.me/domikpetra
#ua #add</name>
            <description>https://t.me/creamy_caprice/12853</description>
            <ExtendedData>
                <Data name="описание">
                    <value>https://t.me/creamy_caprice/12853</value>
                </Data>
                <Data name="позиция">
                    <value>ВСУ</value>
                </Data>
                <Data name="дата">
                    <value>2026.09.01</value>
                </Data>
            </ExtendedData>
            <Point id="1797218">
                <coordinates>35.12125,51.02542,0.0</coordinates>
            </Point>
        </Placemark>
        <Placemark id="1797225">
            <name>01.09.26 Красный Лиман - Диброва

Позиционные боевые действия в районе Красного Лимана.
Военнослужащий ВС РФ попал под обстрел ВСУ в Диброве. ВС РФ увеличили территорию контроля в населённом пункте на 1,5 км и вышли в северную часть жилой застройки.

 0:50 `48.92616,37.85656`    

Источник 21+ https://t.me/trozsusumy117/2190
Геопривязка https://t.me/domikpetra
#ru</name>
            <description>https://t.me/creamy_caprice/12869</description>
            <ExtendedData>
                <Data name="описание">
                    <value>https://t.me/creamy_caprice/12869</value>
                </Data>
                <Data name="позиция">
                    <value>ВС РФ</value>
                </Data>
                <Data name="дата">
                    <value>2026.09.01</value>
                </Data>
            </ExtendedData>
            <Point id="1797224">
                <coordinates>37.85656,48.92616,0.0</coordinates>
            </Point>
        </Placemark>
        <Placemark id="1797231">
            <name>02.09.26 Дополнительно.

Позиция ВСУ обстреляна ВС РФ

 `47.51845,35.71437`         

Источник https://t.me/creamy_caprice/7818?comment=77136
#ua #add</name>
            <description>https://t.me/creamy_caprice/7818</description>
            <ExtendedData>
                <Data name="описание">
                    <value>https://t.me/creamy_caprice/7818</value>
                </Data>
                <Data name="позиция">
                    <value>ВСУ</value>
                </Data>
                <Data name="дата">
                    <value>2026.09.02</value>
                </Data>
            </ExtendedData>
            <Point id="1797230">
                <coordinates>35.71437,47.51845,0.0</coordinates>
            </Point>
        </Placemark>
        <Placemark id="1797237">
            <name>02.09.26 Дополнительно.

Позиции ВС РФ под огнём ВСУ

 0:13 `47.75591,36.09394`    
 0:36 `47.75064,36.06061`    

Источник 21+ https://t.me/creamy_caprice/12021?comment=77097
Геопривязка https://t.me/domikpetra
#ru #add</name>
            <description>https://t.me/creamy_caprice/12021</description>
            <ExtendedData>
                <Data name="описание">
                    <value>https://t.me/creamy_caprice/12021</value>
                </Data>
                <Data name="позиция">
                    <value>ВС РФ</value>
                </Data>
                <Data name="дата">
                    <value>2026.09.02</value>
                </Data>
            </ExtendedData>
            <MultiGeometry id="1797236">
                <Point id="1797238">
                    <coordinates>36.09394,47.75591,0.0</coordinates>
                </Point>
                <Point id="1797240">
                    <coordinates>36.06061,47.75064,0.0</coordinates>
                </Point>
            </MultiGeometry>
        </Placemark>
        <Placemark id="1797247">
            <name>02.09.26 Золочев - Казачья Лопань

Последствия боевых действий в Харьковской зоне безопасности.
Военнослужащие ВС РФ поднимают флаги Российской Федерации в Козачьей Лопани и фиксируют контроль населённого пункта Вооруженными Силами РФ. Увеличение зоны контроля ВС РФ в Козачьей Лопани 1,5 км.

 1:04 `50.33399,36.18678`    
 1:16 `50.33441,36.20978`    
 1:26 `50.33486,36.17617`    
 1:37 `50.33773,36.17019`    
 1:49 `50.32518,36.16827`    
 2:00 `50.34484,36.18189`    
 2:13 `50.31672,36.18738`    
 2:24 `50.34649,36.17832`    
 2:34 `50.32209,36.16444`    

Источник https://t.me/warriorofnorth/21668
Геопривязка https://t.me/Zabolocini
Геопривязка https://t.me/p0dimorka
#ru</name>
            <description>https://t.me/creamy_caprice/12854</description>
            <ExtendedData>
                <Data name="описание">
                    <value>https://t.me/creamy_caprice/12854</value>
                </Data>
                <Data name="позиция">
                    <value>ВС РФ</value>
                </Data>
                <Data name="дата">
                    <value>2026.09.02</value>
                </Data>
            </ExtendedData>
            <MultiGeometry id="1797246">
                <Point id="1797248">
                    <coordinates>36.18678,50.33399,0.0</coordinates>
                </Point>
                <Point id="1797250">
                    <coordinates>36.20978,50.33441,0.0</coordinates>
                </Point>
                <Point id="1797252">
                    <coordinates>36.17617,50.33486,0.0</coordinates>
                </Point>
                <Point id="1797254">
                    <coordinates>36.17019,50.33773,0.0</coordinates>
                </Point>
                <Point id="1797256">
                    <coordinates>36.16827,50.32518,0.0</coordinates>
                </Point>
                <Point id="1797258">
                    <coordinates>36.18189,50.34484,0.0</coordinates>
                </Point>
                <Point id="1797260">
                    <coordinates>36.18738,50.31672,0.0</coordinates>
                </Point>
                <Point id="1797262">
                    <coordinates>36.17832,50.34649,0.0</coordinates>
                </Point>
                <Point id="1797264">
                    <coordinates>36.16444,50.32209,0.0</coordinates>
                </Point>
            </MultiGeometry>
        </Placemark>
        <Placemark id="1797271">
            <name>02.09.26 Краснополье - Рясное

Позиционные боевые действия в Сумской зоне безопасности.
ВС РФ усиливают контроль населённого пункта Рясное и занимают новые позиции на ближних подступах к жилой застройке с западного направления под огнём противника. Увеличение зоны контроля 800 метров.

 0:17 `50.69406,35.37805`    

Источник 21+ https://t.me/tro119ua/98
Геопривязка https://t.me/domikpetra
#ru</name>
            <description>https://t.me/creamy_caprice/12857</description>
            <ExtendedData>
                <Data name="описание">
                    <value>https://t.me/creamy_caprice/12857</value>
                </Data>
                <Data name="позиция">
                    <value>ВС РФ</value>
                </Data>
                <Data name="дата">
                    <value>2026.09.02</value>
                </Data>
            </ExtendedData>
            <Point id="1797270">
                <coordinates>35.37805,50.69406,0.0</coordinates>
            </Point>
        </Placemark>
        <Placemark id="1797277">
            <name>02.09.26 Покровское - Берёзовое

Позиционные боевые действия в Днепропетровской зоне безопасности.
ВС РФ удерживают позиции в Берёзовом под обстрелом ВСУ. Уточнение зоны контроля ВС РФ.

 0:15 `47.87305,36.48014`    

Источник 21+ https://t.me/test428obbps/498
Геопривязка https://t.me/Zabolocini
#ru #add</name>
            <description>https://t.me/creamy_caprice/12860</description>
            <ExtendedData>
                <Data name="описание">
                    <value>https://t.me/creamy_caprice/12860</value>
                </Data>
                <Data name="позиция">
                    <value>ВС РФ</value>
                </Data>
                <Data name="дата">
                    <value>2026.09.02</value>
                </Data>
            </ExtendedData>
            <Point id="1797276">
                <coordinates>36.48014,47.87305,0.0</coordinates>
            </Point>
        </Placemark>
        <Placemark id="1797283">
            <name>02.09.26 Доброполье - Доброполье

Позиционные боевые действия в районе Красноармейска.
Передовая позиция ВС РФ в селе Доброполье обстреляна ВСУ. ВС РФ продвинулись до 2 км к югу от города Доброполье и заняли новые позиции в жилой застройке села Доброполье.

 `48.41765,37.06800`         

Источник 21+ https://t.me/pravytsia_sirka/160
Геопривязка https://x.com/Bielitzling
#ru</name>
            <description>https://t.me/creamy_caprice/12875</description>
            <ExtendedData>
                <Data name="описание">
                    <value>https://t.me/creamy_caprice/12875</value>
                </Data>
                <Data name="позиция">
                    <value>ВС РФ</value>
                </Data>
                <Data name="дата">
                    <value>2026.09.02</value>
                </Data>
            </ExtendedData>
            <Point id="1797282">
                <coordinates>37.06800,48.41765,0.0</coordinates>
            </Point>
        </Placemark>
        <Placemark id="1797289">
            <name>02.09.26 Часов Яр - Новосеверный

Позиционные боевые действия в районе Артёмовска.
Военнослужащие ВС РФ попали под обстрел ВСУ около Часового Яра. ВС РФ продвинулись более 800 метров и увеличили зону контроля на западных подступах к городу.

 0:10 `48.59108,37.79385`    

Источник 21+ https://t.me/talion_army/340
Геопривязка https://x.com/Bielitzling
#ru</name>
            <description>https://t.me/creamy_caprice/12877</description>
            <ExtendedData>
                <Data name="описание">
                    <value>https://t.me/creamy_caprice/12877</value>
                </Data>
                <Data name="позиция">
                    <value>ВС РФ</value>
                </Data>
                <Data name="дата">
                    <value>2026.09.02</value>
                </Data>
            </ExtendedData>
            <Point id="1797288">
                <coordinates>37.79385,48.59108,0.0</coordinates>
            </Point>
        </Placemark>
        <Placemark id="1797295">
            <name>02.09.26 Покровское - Андреевка

Позиционные боевые действия в Днепропетровской зоне безопасности.
Позиция ВС РФ в жилой застройке Андреевки под огнём ВСУ. ВС РФ продвинулись на 1.5 км и вернули утраченные ранее позиции в южной части населённого пункта.

 0:46 `47.88549,36.19018`    

Источник 21+ https://t.me/SkifskiGrifony/752
Геопривязка https://t.me/domikpetra
#ru</name>
            <description>https://t.me/creamy_caprice/13012</description>
            <ExtendedData>
                <Data name="описание">
                    <value>https://t.me/creamy_caprice/13012</value>
                </Data>
                <Data name="позиция">
                    <value>ВС РФ</value>
                </Data>
                <Data name="дата">
                    <value>2026.09.02</value>
                </Data>
            </ExtendedData>
            <Point id="1797294">
                <coordinates>36.19018,47.88549,0.0</coordinates>
            </Point>
        </Placemark>
        <Placemark id="1797301">
            <name>03.09.26 Дополнительно.

Движение военнослужащих ВС РФ в Двуречной. Весна 2026

 `49.85423,37.65597`         

Источник 21+ https://t.me/creamy_caprice/8543?comment=77096
#ru #add</name>
            <description>https://t.me/creamy_caprice/8543</description>
            <ExtendedData>
                <Data name="описание">
                    <value>https://t.me/creamy_caprice/8543</value>
                </Data>
                <Data name="позиция">
                    <value>ВС РФ</value>
                </Data>
                <Data name="дата">
                    <value>2026.09.03</value>
                </Data>
            </ExtendedData>
            <Point id="1797300">
                <coordinates>37.65597,49.85423,0.0</coordinates>
            </Point>
        </Placemark>
        <Placemark id="1797307">
            <name>03.09.26 Дополнительно.

Позиция ВС РФ в Новониколаевке под огнём ВСУ.

 `48.18758,36.93491`         

Источник 21+ https://t.me/creamy_caprice/9370?comment=77113
#ru #add</name>
            <description>https://t.me/creamy_caprice/9370</description>
            <ExtendedData>
                <Data name="описание">
                    <value>https://t.me/creamy_caprice/9370</value>
                </Data>
                <Data name="позиция">
                    <value>ВС РФ</value>
                </Data>
                <Data name="дата">
                    <value>2026.09.03</value>
                </Data>
            </ExtendedData>
            <Point id="1797306">
                <coordinates>36.93491,48.18758,0.0</coordinates>
            </Point>
        </Placemark>
        <Placemark id="1797313">
            <name>03.09.26 Дополнительно.

Завялено как движение военнослужащих ВС РФ и развёрнутый флаг РФ в Ольговке и Дружелюбовке

 `49.24344,37.85084`         
 `49.26054,37.85603`         
 `49.26177,37.84926`         

Источник https://t.me/creamy_caprice/9650?comment=77095
#ru #add</name>
            <description>https://t.me/creamy_caprice/9650</description>
            <ExtendedData>
                <Data name="описание">
                    <value>https://t.me/creamy_caprice/9650</value>
                </Data>
                <Data name="позиция">
                    <value>ВС РФ</value>
                </Data>
                <Data name="дата">
                    <value>2026.09.03</value>
                </Data>
            </ExtendedData>
            <MultiGeometry id="1797312">
                <Point id="1797314">
                    <coordinates>37.85084,49.24344,0.0</coordinates>
                </Point>
                <Point id="1797316">
                    <coordinates>37.85603,49.26054,0.0</coordinates>
                </Point>
                <Point id="1797318">
                    <coordinates>37.84926,49.26177,0.0</coordinates>
                </Point>
            </MultiGeometry>
        </Placemark>
        <Placemark id="1797325">
            <name>03.09.26 Дополнительно.

Военнослужащий ВС РФ заявляет контроль Малой Токмачки.

 `47.53393,35.90803`         

Источник https://t.me/creamy_caprice/12816?comment=77142
#ru #add</name>
            <description>https://t.me/creamy_caprice/12816</description>
            <ExtendedData>
                <Data name="описание">
                    <value>https://t.me/creamy_caprice/12816</value>
                </Data>
                <Data name="позиция">
                    <value>ВС РФ</value>
                </Data>
                <Data name="дата">
                    <value>2026.09.03</value>
                </Data>
            </ExtendedData>
            <Point id="1797324">
                <coordinates>35.90803,47.53393,0.0</coordinates>
            </Point>
        </Placemark>
        <Placemark id="1797331">
            <name>03.09.26 Великий Бурлук - Отрадное

Позиционные боевые действия в Харьковской зоне безопасности.
Военнослужащие ВС РФ попали под обстрел ВСУ в западной части Отрадного. ВС РФ восстановили контроль населённого пункта и удерживают позиции под огнём ВСУ. Уточнение зоны контроля ВС РФ в Великобурлуцком районе.

 0:23 `50.06250,37.71809`    

Источник 21+ https://t.me/army_3heavy/3652
Геопривязка https://t.me/Zabolocini
#ru</name>
            <description>https://t.me/creamy_caprice/12864</description>
            <ExtendedData>
                <Data name="описание">
                    <value>https://t.me/creamy_caprice/12864</value>
                </Data>
                <Data name="позиция">
                    <value>ВС РФ</value>
                </Data>
                <Data name="дата">
                    <value>2026.09.03</value>
                </Data>
            </ExtendedData>
            <Point id="1797330">
                <coordinates>37.71809,50.06250,0.0</coordinates>
            </Point>
        </Placemark>
        <Placemark id="1797337">
            <name>03.09.26 Константиновка - Ижевка

Последствия боевых действий в районе Славянска.
Военнослужащие ВС РФ поднимают флаги Российской Федерации в Ижевке. Продвижение ВС РФ до 3 км и выход на новые позиции севернее Константиновки.

 `48.58193,37.67448`         
 `48.58485,37.67285`         
 `48.58385,37.66854`         
 `48.58718,37.66349`         

Источник https://t.me/SouthernRepublic/36070
#ru</name>
            <description>https://t.me/creamy_caprice/12865</description>
            <ExtendedData>
                <Data name="описание">
                    <value>https://t.me/creamy_caprice/12865</value>
                </Data>
                <Data name="позиция">
                    <value>ВС РФ</value>
                </Data>
                <Data name="дата">
                    <value>2026.09.03</value>
                </Data>
            </ExtendedData>
            <MultiGeometry id="1797336">
                <Point id="1797338">
                    <coordinates>37.67448,48.58193,0.0</coordinates>
                </Point>
                <Point id="1797340">
                    <coordinates>37.67285,48.58485,0.0</coordinates>
                </Point>
                <Point id="1797342">
                    <coordinates>37.66854,48.58385,0.0</coordinates>
                </Point>
                <Point id="1797344">
                    <coordinates>37.66349,48.58718,0.0</coordinates>
                </Point>
            </MultiGeometry>
        </Placemark>
        <Placemark id="1797351">
            <name>03.09.26 Гуляйполе - Терноватое

Позиционные боевые действия в Гуляйполя.
Позиция ВС РФ в жилой застройке Терноватого подверглась обстрелу ВСУ. ВС РФ вернули утраченную ранее позицию и восстановили контроль восточной окраины посёлка. Уточнение зоны контроля ВС РФ
Гео по https://t.me/creamy_caprice/12589?single

 `47.82993,36.14200`         

Источник 21+ https://t.me/BBS_110/737
#ru #add</name>
            <description>https://t.me/creamy_caprice/12867</description>
            <ExtendedData>
                <Data name="описание">
                    <value>https://t.me/creamy_caprice/12867</value>
                </Data>
                <Data name="позиция">
                    <value>ВС РФ</value>
                </Data>
                <Data name="дата">
                    <value>2026.09.03</value>
                </Data>
            </ExtendedData>
            <Point id="1797350">
                <coordinates>36.14200,47.82993,0.0</coordinates>
            </Point>
        </Placemark>
        <Placemark id="1797357">
            <name>03.09.26 Двуречная - Западное

Активные боевые действия в районе Купянска.
Атака ВСУ пехотными подразделения в направлении Двуречной и в окрестностях Западного. Выход штурмовых групп на восточную окраину Двуречной и продвижение в направлении реки Оскол до 1 км.

 `49.82524,37.64186`         
 `49.85461,37.65222`         

Источник 21+ https://youtu.be/j9KvwPPf95Q?si=U9P1bu9psRyXZBms
#ua</name>
            <description>https://t.me/creamy_caprice/12868</description>
            <ExtendedData>
                <Data name="описание">
                    <value>https://t.me/creamy_caprice/12868</value>
                </Data>
                <Data name="позиция">
                    <value>ВСУ</value>
                </Data>
                <Data name="дата">
                    <value>2026.09.03</value>
                </Data>
            </ExtendedData>
            <MultiGeometry id="1797356">
                <Point id="1797358">
                    <coordinates>37.64186,49.82524,0.0</coordinates>
                </Point>
                <Point id="1797360">
                    <coordinates>37.65222,49.85461,0.0</coordinates>
                </Point>
            </MultiGeometry>
        </Placemark>
        <Placemark id="1797367">
            <name>03.09.26 Купянск - Юбилейный

Позиционные боевые действия в Купянске.
Позиция ВС РФ в микрорайоне Юбилейный под обстрелом ВСУ. ВС РФ восстановили контроль позиций в этой части города, продвинувшись до 1,5 км в жилой застройке.

 `49.69912,37.59867`         
 `49.70023,37.60222`         

Источник 21+ https://t.me/Svidky_Spasa/59
Геопривязка https://x.com/Bielitzling
#ru</name>
            <description>https://t.me/creamy_caprice/12870</description>
            <ExtendedData>
                <Data name="описание">
                    <value>https://t.me/creamy_caprice/12870</value>
                </Data>
                <Data name="позиция">
                    <value>ВС РФ</value>
                </Data>
                <Data name="дата">
                    <value>2026.09.03</value>
                </Data>
            </ExtendedData>
            <MultiGeometry id="1797366">
                <Point id="1797368">
                    <coordinates>37.59867,49.69912,0.0</coordinates>
                </Point>
                <Point id="1797370">
                    <coordinates>37.60222,49.70023,0.0</coordinates>
                </Point>
            </MultiGeometry>
        </Placemark>
        <Placemark id="1797377">
            <name>03.09.26 Двуречная

Активные боевые действия в районе Купянска.
Атака ВСУ пехотным подразделением в направлении позиций ВС РФ в Двуречной. Обстрел со стороны ВС РФ штурмовой группы на западной окраине жилой застройки. События вблизи линии разграничения зон контроля сторон. События связаны с атакой https://t.me/creamy_caprice/12868

 `49.85450,37.65251`         

Источник https://t.me/kcaebirds/3514
#ua #add</name>
            <description>https://t.me/creamy_caprice/12871</description>
            <ExtendedData>
                <Data name="описание">
                    <value>https://t.me/creamy_caprice/12871</value>
                </Data>
                <Data name="позиция">
                    <value>ВСУ</value>
                </Data>
                <Data name="дата">
                    <value>2026.09.03</value>
                </Data>
            </ExtendedData>
            <Point id="1797376">
                <coordinates>37.65251,49.85450,0.0</coordinates>
            </Point>
        </Placemark>
        <Placemark id="1797383">
            <name>03.09.26 Славянск - Рай-Александровка

Активные боевые действия в районе Славянска.
Атака ВС РФ пехотным подразделением в Рай-Александровке. Штурмовик ВС РФ зачищает позицию ВСУ в восточной части населённого пункта. Уточнение зоны контроля ВС РФ в Рай-Александровке.

 `48.82127,37.87361`         

Источник https://t.me/OMSBr_123/2635
Геопривязка https://x.com/richardzai38580
#ru #add</name>
            <description>https://t.me/creamy_caprice/12873</description>
            <ExtendedData>
                <Data name="описание">
                    <value>https://t.me/creamy_caprice/12873</value>
                </Data>
                <Data name="позиция">
                    <value>ВС РФ</value>
                </Data>
                <Data name="дата">
                    <value>2026.09.03</value>
                </Data>
            </ExtendedData>
            <Point id="1797382">
                <coordinates>37.87361,48.82127,0.0</coordinates>
            </Point>
        </Placemark>
        <Placemark id="1797389">
            <name>03.09.26 Славянск - канал Северский Донец - Донбасс

Активные боевые действия в районе Славянска.
Бронеавтомобиль ВСУ во время выхода на позицию на окраине Славянска был обстрелян FPV-дроном со стороны ВС РФ. Водитель не справился с управлением и машина свалилась с моста в канал вверх колёсами.. Удаление от зоны контроля ВС РФ 8 км.

 `48.85232,37.70228`         

Источник https://t.me/shock3OA/9030
Геопривязка https://t.me/Zabolocini
#ua #add</name>
            <description>https://t.me/creamy_caprice/12880</description>
            <ExtendedData>
                <Data name="описание">
                    <value>https://t.me/creamy_caprice/12880</value>
                </Data>
                <Data name="позиция">
                    <value>ВСУ</value>
                </Data>
                <Data name="дата">
                    <value>2026.09.03</value>
                </Data>
            </ExtendedData>
            <Point id="1797388">
                <coordinates>37.70228,48.85232,0.0</coordinates>
            </Point>
        </Placemark>
        <Placemark id="1797395">
            <name>04.09.26 Дополнительно.

Заявлено как движение военнослужащего ВС РФ в населённом пункте Коровий Яр. Весна 2026

 `49.15040,37.63663`         

Источник https://t.me/creamy_caprice/10741?comment=77139
#ru #add</name>
            <description>https://t.me/creamy_caprice/10741</description>
            <ExtendedData>
                <Data name="описание">
                    <value>https://t.me/creamy_caprice/10741</value>
                </Data>
                <Data name="позиция">
                    <value>ВС РФ</value>
                </Data>
                <Data name="дата">
                    <value>2026.09.04</value>
                </Data>
            </ExtendedData>
            <Point id="1797394">
                <coordinates>37.63663,49.15040,0.0</coordinates>
            </Point>
        </Placemark>
        <Placemark id="1797401">
            <name>04.09.26 Дополнительно.

Позиция ВС РФ обстреляна ВСУ

 0:24 `50.18252,37.61998`    

Источник 21+ https://t.me/creamy_caprice/11303?comment=77143
#ru #add</name>
            <description>https://t.me/creamy_caprice/11303</description>
            <ExtendedData>
                <Data name="описание">
                    <value>https://t.me/creamy_caprice/11303</value>
                </Data>
                <Data name="позиция">
                    <value>ВС РФ</value>
                </Data>
                <Data name="дата">
                    <value>2026.09.04</value>
                </Data>
            </ExtendedData>
            <Point id="1797400">
                <coordinates>37.61998,50.18252,0.0</coordinates>
            </Point>
        </Placemark>
        <Placemark id="1797407">
            <name>04.09.26 Дополнительно.

Позиция ВС РФ под огнем ВСУ

 0:23 `47.90698,36.56568`    

Источник 21+ https://t.me/creamy_caprice/12180?comment=77137
Геопривязка https://t.me/domikpetra
#ru #add</name>
            <description>https://t.me/creamy_caprice/12180</description>
            <ExtendedData>
                <Data name="описание">
                    <value>https://t.me/creamy_caprice/12180</value>
                </Data>
                <Data name="позиция">
                    <value>ВС РФ</value>
                </Data>
                <Data name="дата">
                    <value>2026.09.04</value>
                </Data>
            </ExtendedData>
            <Point id="1797406">
                <coordinates>36.56568,47.90698,0.0</coordinates>
            </Point>
        </Placemark>
        <Placemark id="1797413">
            <name>04.09.26 Дополнительно.

Обстрел со стороны ВС РФ позиции ВСУ

 `48.69775,37.78758`         

Источник https://t.me/creamy_caprice/12449?comment=77138
#ua #add</name>
            <description>https://t.me/creamy_caprice/12449</description>
            <ExtendedData>
                <Data name="описание">
                    <value>https://t.me/creamy_caprice/12449</value>
                </Data>
                <Data name="позиция">
                    <value>ВСУ</value>
                </Data>
                <Data name="дата">
                    <value>2026.09.04</value>
                </Data>
            </ExtendedData>
            <Point id="1797412">
                <coordinates>37.78758,48.69775,0.0</coordinates>
            </Point>
        </Placemark>
        <Placemark id="1797419">
            <name>04.09.26 Сумы - Храповщина

Последствия боевых действий в Сумской зоне безопасности.
Военнослужащие ВСУ поднимают флаг Украины в селе Храповщина Сумской области, заявляя свой контроль населённого пункта. События в 5 км от зоны контроля ВС РФ

 `51.08061,34.95501`         

Источник 21+ https://t.me/brygada47/2552
Геопривязка https://t.me/domikpetra
#ua #add</name>
            <description>https://t.me/creamy_caprice/12876</description>
            <ExtendedData>
                <Data name="описание">
                    <value>https://t.me/creamy_caprice/12876</value>
                </Data>
                <Data name="позиция">
                    <value>ВСУ</value>
                </Data>
                <Data name="дата">
                    <value>2026.09.04</value>
                </Data>
            </ExtendedData>
            <Point id="1797418">
                <coordinates>34.95501,51.08061,0.0</coordinates>
            </Point>
        </Placemark>
        <Placemark id="1797425">
            <name>04.09.26 Киев - Старый Киев

Уничтожение административно-хозяйственных объектов Украины.
Удар со стороны ВС РФ барражирующим боеприпасом по зданию Службы безопасности Украины в Киеве. Удаление от зоны контроля ВС РФ 200 км.

 `50.45058,30.51552`         

Источник https://t.me/ASupersharij/59648
#ua #add</name>
            <description>https://t.me/creamy_caprice/12882</description>
            <ExtendedData>
                <Data name="описание">
                    <value>https://t.me/creamy_caprice/12882</value>
                </Data>
                <Data name="позиция">
                    <value>ВСУ</value>
                </Data>
                <Data name="дата">
                    <value>2026.09.04</value>
                </Data>
            </ExtendedData>
            <Point id="1797424">
                <coordinates>30.51552,50.45058,0.0</coordinates>
            </Point>
        </Placemark>
        <Placemark id="1797431">
            <name>04.09.26 Сумы - Иволжанское - Храповщина

Позиционные боевые действия в Сумской зоне безопасности.
Позиции ВСУ в Иволжанском и Храповщине под обстрелом ВС РФ. Уточнение зоны контроля ВСУ в Сумской области.

 0:37 `51.07030,34.87319`    
 0:41 `51.07911,34.94462`    

Источник https://t.me/icpbtrubicon/2554
Геопривязка https://x.com/alexskichambe
#ua #add</name>
            <description>https://t.me/creamy_caprice/12903</description>
            <ExtendedData>
                <Data name="описание">
                    <value>https://t.me/creamy_caprice/12903</value>
                </Data>
                <Data name="позиция">
                    <value>ВСУ</value>
                </Data>
                <Data name="дата">
                    <value>2026.09.04</value>
                </Data>
            </ExtendedData>
            <MultiGeometry id="1797430">
                <Point id="1797432">
                    <coordinates>34.87319,51.07030,0.0</coordinates>
                </Point>
                <Point id="1797434">
                    <coordinates>34.94462,51.07911,0.0</coordinates>
                </Point>
            </MultiGeometry>
        </Placemark>
        <Placemark id="1797441">
            <name>04.09.26 Константиновка - Стенки - Попасное

Позиционные боевые действия в районе Славянска.
Передовые позиции ВС РФ в окрестностях Попасного и Стенок обстреляны ВСУ. ВС РФ увеличили зону контроля более 1 км по фронту.

 0:23 `48.56984,37.74243`    
 1:53 `48.59599,37.71481`    

Источник 21+ https://t.me/oaembr46/2975
Геопривязка https://x.com/AudaxonX
#ru</name>
            <description>https://t.me/creamy_caprice/12910</description>
            <ExtendedData>
                <Data name="описание">
                    <value>https://t.me/creamy_caprice/12910</value>
                </Data>
                <Data name="позиция">
                    <value>ВС РФ</value>
                </Data>
                <Data name="дата">
                    <value>2026.09.04</value>
                </Data>
            </ExtendedData>
            <MultiGeometry id="1797440">
                <Point id="1797442">
                    <coordinates>37.74243,48.56984,0.0</coordinates>
                </Point>
                <Point id="1797444">
                    <coordinates>37.71481,48.59599,0.0</coordinates>
                </Point>
            </MultiGeometry>
        </Placemark>
        <Placemark id="1797451">
            <name>04.09.26 Великий Бурлук - Ольховатка - Должанское

Позиционные боевые действия в Харьковской хоне безопасности.
Передовая позиция ВС РФ на западных подступах к Ольховатке под огнём ВСУ. ВС РФ продвинулись в Харьковской области и увеличили зону контроля до 3 км около Ольховатки.

0:09 `50.18225,37.45642`    
0:18 `50.17866,37.49626`    

Источник 21+ https://www.facebook.com/reel/2292632438193556
Геопривязка https://t.me/domikpetra
#ru</name>
            <description>https://t.me/creamy_caprice/13048</description>
            <ExtendedData>
                <Data name="описание">
                    <value>https://t.me/creamy_caprice/13048</value>
                </Data>
                <Data name="позиция">
                    <value>ВС РФ*</value>
                </Data>
                <Data name="дата">
                    <value>2026.09.04</value>
                </Data>
            </ExtendedData>
            <MultiGeometry id="1797450">
                <Point id="1797452">
                    <coordinates>37.45642,50.18225,0.0</coordinates>
                </Point>
                <Point id="1797454">
                    <coordinates>37.49626,50.17866,0.0</coordinates>
                </Point>
            </MultiGeometry>
        </Placemark>
        <Placemark id="1797461">
            <name>05.09.26 Дополнительно.

Сфальсифицированные видео контроля ВС РФ в Святогорске. Оригинальный источник https://t.me/donbass24_7/85121

 `49.03648,37.55468`         

Источник https://t.me/creamy_caprice/10968?comment=77155
#ru #add</name>
            <description>https://t.me/creamy_caprice/10968</description>
            <ExtendedData>
                <Data name="описание">
                    <value>https://t.me/creamy_caprice/10968</value>
                </Data>
                <Data name="позиция">
                    <value>ВС РФ</value>
                </Data>
                <Data name="дата">
                    <value>2026.09.05</value>
                </Data>
            </ExtendedData>
            <Point id="1797460">
                <coordinates>37.55468,49.03648,0.0</coordinates>
            </Point>
        </Placemark>
        <Placemark id="1797467">
            <name>05.09.26 Дополнительно.

Военнослужащий ВС РФ попал под обстрел ВСУ

 `48.51351,37.37817`         

Источник 21+ https://t.me/creamy_caprice/11186?comment=77154
#ru</name>
            <description>https://t.me/creamy_caprice/11186</description>
            <ExtendedData>
                <Data name="описание">
                    <value>https://t.me/creamy_caprice/11186</value>
                </Data>
                <Data name="позиция">
                    <value>ВС РФ</value>
                </Data>
                <Data name="дата">
                    <value>2026.09.05</value>
                </Data>
            </ExtendedData>
            <Point id="1797466">
                <coordinates>37.37817,48.51351,0.0</coordinates>
            </Point>
        </Placemark>
        <Placemark id="1797473">
            <name>05.09.26 Дополнительно.

Позиции ВС РФ в Казачьей Лопани под обстрелом ВСУ.

 0:31 `50.31997,36.17633`    
 1:01 `50.31831,36.18250`    
 1:44 `50.32775,36.19356`    

Источник 21+ https://t.me/creamy_caprice/12456?comment=77153
Геопривязка https://t.me/MoJl4uxd
#ru #add</name>
            <description>https://t.me/creamy_caprice/12456</description>
            <ExtendedData>
                <Data name="описание">
                    <value>https://t.me/creamy_caprice/12456</value>
                </Data>
                <Data name="позиция">
                    <value>ВС РФ</value>
                </Data>
                <Data name="дата">
                    <value>2026.09.05</value>
                </Data>
            </ExtendedData>
            <MultiGeometry id="1797472">
                <Point id="1797474">
                    <coordinates>36.17633,50.31997,0.0</coordinates>
                </Point>
                <Point id="1797476">
                    <coordinates>36.18250,50.31831,0.0</coordinates>
                </Point>
                <Point id="1797478">
                    <coordinates>36.19356,50.32775,0.0</coordinates>
                </Point>
            </MultiGeometry>
        </Placemark>
        <Placemark id="1797485">
            <name>05.09.26 Орехов

Позиционные боевые действия в Орехове.
Перехват дроном ВС РФ дрона ВСУ который обстреливал позиций ВС РФ в Орехове. Увеличение зоны контроля ВС РФ в городе на 500 метров, новые позиции в жилой застройке. 
Сектор обстрела:

 `47.56094,35.80025`         

Источник https://t.me/gv71msp/588
Геопривязка https://x.com/richardzai38580
#ru</name>
            <description>https://t.me/creamy_caprice/12887</description>
            <ExtendedData>
                <Data name="описание">
                    <value>https://t.me/creamy_caprice/12887</value>
                </Data>
                <Data name="позиция">
                    <value>ВС РФ</value>
                </Data>
                <Data name="дата">
                    <value>2026.09.05</value>
                </Data>
            </ExtendedData>
            <Point id="1797484">
                <coordinates>35.80025,47.56094,0.0</coordinates>
            </Point>
        </Placemark>
        <Placemark id="1797491">
            <name>05.09.26 Доброполье - Матяшево

Позиционные боевые действия в районе Красноармейска.
Военнослужащий ВС РФ попал под обстрел ВСУ в Матяшево. ВС РФ увеличили зону контроля более 1 км и вышли на восточную окраину населённого пункта.

 0:42 `48.40749,37.07286`    

Источник 21+ https://t.me/ywjQfBTXyys5YWQy/905
Геопривязка https://x.com/moklasen
#ru</name>
            <description>https://t.me/creamy_caprice/12889</description>
            <ExtendedData>
                <Data name="описание">
                    <value>https://t.me/creamy_caprice/12889</value>
                </Data>
                <Data name="позиция">
                    <value>ВС РФ</value>
                </Data>
                <Data name="дата">
                    <value>2026.09.05</value>
                </Data>
            </ExtendedData>
            <Point id="1797490">
                <coordinates>37.07286,48.40749,0.0</coordinates>
            </Point>
        </Placemark>
        <Placemark id="1797497">
            <name>05.09.26 Золочев - Щербаковка

Позиционные боевые действия в Харьковской зоне безопасности.
Передовая позиция ВС РФ около Щербаковки обстреляна ВСУ. ВС РФ усиливают контроль позиций вдоль демаркационной линии и занимают новые продвигаясь до 500 метров вглубь территории Украины.

 0:55 `50.31082,36.27452`    

Источник 21+ https://t.me/jacksons_dairy/13315
Геопривязка https://t.me/domikpetra
#ru</name>
            <description>https://t.me/creamy_caprice/12890</description>
            <ExtendedData>
                <Data name="описание">
                    <value>https://t.me/creamy_caprice/12890</value>
                </Data>
                <Data name="позиция">
                    <value>ВС РФ</value>
                </Data>
                <Data name="дата">
                    <value>2026.09.05</value>
                </Data>
            </ExtendedData>
            <Point id="1797496">
                <coordinates>36.27452,50.31082,0.0</coordinates>
            </Point>
        </Placemark>
        <Placemark id="1797503">
            <name>05.09.26 Красный Лиман - Кировск(Заречное)

Позиционные боевые действия в районе Красного Лимана.
Обстрел со стороны ВС РФ позиций ВСУ в Кировске. Продвижение инфильтрационных групп ВСУ более 6 км в зону контроля ВС РФ.

 0:45 `49.03504,37.91296`    

Источник https://t.me/Secrets_of_Vinakos/17242
Геопривязка https://x.com/ZoamSc2
#ua #add</name>
            <description>https://t.me/creamy_caprice/12891</description>
            <ExtendedData>
                <Data name="описание">
                    <value>https://t.me/creamy_caprice/12891</value>
                </Data>
                <Data name="позиция">
                    <value>ВСУ</value>
                </Data>
                <Data name="дата">
                    <value>2026.09.05</value>
                </Data>
            </ExtendedData>
            <Point id="1797502">
                <coordinates>37.91296,49.03504,0.0</coordinates>
            </Point>
        </Placemark>
        <Placemark id="1797509">
            <name>05.09.26 Красный Лиман - Лесной

Активные боевые действия в районе Красного Лимана.
Группа военнослужащих ВСУ попала под обстрел ВС РФ на южной окраине города в районе железнодорожной станции. Увеличение зоны контроля ВСУ в Красном Лимане 800 метров.

 `48.95844,37.84484`         

Источник https://t.me/BV25org/3372
Геопривязка https://x.com/ZoamSc2
#ua</name>
            <description>https://t.me/creamy_caprice/12899</description>
            <ExtendedData>
                <Data name="описание">
                    <value>https://t.me/creamy_caprice/12899</value>
                </Data>
                <Data name="позиция">
                    <value>ВСУ</value>
                </Data>
                <Data name="дата">
                    <value>2026.09.05</value>
                </Data>
            </ExtendedData>
            <Point id="1797508">
                <coordinates>37.84484,48.95844,0.0</coordinates>
            </Point>
        </Placemark>
        <Placemark id="1797515">
            <name>05.09.26 Константиновка - Алексеево-Дружковка

Активные боевые действия в районе Славянска.
Бронемашина ВСУ была остановлена и сожжена после серии ударов FPV-дронами ВС РФ на улицах Алексеево-Дружковки.
Удаление от зоны контроля ВС РФ до 1,5 км.

 `48.58140,37.60878`         

Источник https://t.me/SouthernRepublic/36128
Геопривязка https://t.me/p0dimorka
#ua #add</name>
            <description>https://t.me/creamy_caprice/12906</description>
            <ExtendedData>
                <Data name="описание">
                    <value>https://t.me/creamy_caprice/12906</value>
                </Data>
                <Data name="позиция">
                    <value>ВСУ</value>
                </Data>
                <Data name="дата">
                    <value>2026.09.05</value>
                </Data>
            </ExtendedData>
            <Point id="1797514">
                <coordinates>37.60878,48.58140,0.0</coordinates>
            </Point>
        </Placemark>
        <Placemark id="1797521">
            <name>06.09.26 Дополнительно.

Обстрел позиции ВС РФ.

 `51.13963,34.85069`         

Источник 21+ https://t.me/creamy_caprice/12504?comment=77168
#ru #add</name>
            <description>https://t.me/creamy_caprice/12504</description>
            <ExtendedData>
                <Data name="описание">
                    <value>https://t.me/creamy_caprice/12504</value>
                </Data>
                <Data name="позиция">
                    <value>ВС РФ</value>
                </Data>
                <Data name="дата">
                    <value>2026.09.06</value>
                </Data>
            </ExtendedData>
            <Point id="1797520">
                <coordinates>34.85069,51.13963,0.0</coordinates>
            </Point>
        </Placemark>
        <Placemark id="1797527">
            <name>06.09.26 Дополнительно.

Позиция ВС РФ в окрестностях Стенок обстреляна ВСУ.

 0:16 `48.56719,37.74077`    

Источник 21+ https://t.me/creamy_caprice/12663?comment=77178
Геопривязка https://t.me/Zabolocini
#ru #add</name>
            <description>https://t.me/creamy_caprice/12663</description>
            <ExtendedData>
                <Data name="описание">
                    <value>https://t.me/creamy_caprice/12663</value>
                </Data>
                <Data name="позиция">
                    <value>ВС РФ</value>
                </Data>
                <Data name="дата">
                    <value>2026.09.06</value>
                </Data>
            </ExtendedData>
            <Point id="1797526">
                <coordinates>37.74077,48.56719,0.0</coordinates>
            </Point>
        </Placemark>
        <Placemark id="1797533">
            <name>06.09.26 Доброполье - Доброполье

Позиционные боевые действия в районе Красноармейска.
Передовая позиция ВС РФ в селе Доброполье подверглась обстрелу ВСУ. ВС РФ продвинулись в жилой застройке на 1,5 км и заняли новые позиции в центре населённого пункта.

 0:22 `48.41972,37.04622`    

Источник 21+ https://t.me/Borsuky_503/556
Геопривязка https://t.me/Zabolocini
#ru</name>
            <description>https://t.me/creamy_caprice/12893</description>
            <ExtendedData>
                <Data name="описание">
                    <value>https://t.me/creamy_caprice/12893</value>
                </Data>
                <Data name="позиция">
                    <value>ВС РФ</value>
                </Data>
                <Data name="дата">
                    <value>2026.09.06</value>
                </Data>
            </ExtendedData>
            <Point id="1797532">
                <coordinates>37.04622,48.41972,0.0</coordinates>
            </Point>
        </Placemark>
        <Placemark id="1797539">
            <name>06.09.26 Красноармейск - Сергеевка

Позиционные боевые действия в районе Красноармейска.
Операторы FPV-дрона ВСУ ударом производят подрыв несработавшего авиационного боеприпаса. Заявлено как боевые действия в непосредственной близости к позициям ВС РФ. Событие на удалении 5 км от зоны контроля ВС РФ.

 `48.30985,36.94898`         

Источник 21+ https://www.instagram.com/reel/Dcvy59uN5hI
Геопривязка https://t.me/Zabolocini
#ru #add</name>
            <description>https://t.me/creamy_caprice/12895</description>
            <ExtendedData>
                <Data name="описание">
                    <value>https://t.me/creamy_caprice/12895</value>
                </Data>
                <Data name="позиция">
                    <value>ВС РФ</value>
                </Data>
                <Data name="дата">
                    <value>2026.09.06</value>
                </Data>
            </ExtendedData>
            <Point id="1797538">
                <coordinates>36.94898,48.30985,0.0</coordinates>
            </Point>
        </Placemark>
        <Placemark id="1797545">
            <name>06.09.26 Славянск - Николаевка

Активные боевые действия в районе Славянска.
Обстрел и успешное поражение FPV-дронами со стороны ВС РФ бронеавтомобиля ВСУ на территории Славянской районной больницы. Машина сожжена. Удаление от зоны контроля ВС РФ 2 км.

 `48.84797,37.78356`         

Источник https://t.me/SouthernRepublic/36148
Геопривязка https://t.me/Zabolocini
#ua #add</name>
            <description>https://t.me/creamy_caprice/12896</description>
            <ExtendedData>
                <Data name="описание">
                    <value>https://t.me/creamy_caprice/12896</value>
                </Data>
                <Data name="позиция">
                    <value>ВСУ</value>
                </Data>
                <Data name="дата">
                    <value>2026.09.06</value>
                </Data>
            </ExtendedData>
            <Point id="1797544">
                <coordinates>37.78356,48.84797,0.0</coordinates>
            </Point>
        </Placemark>
        <Placemark id="1797551">
            <name>06.09.26 Красный Лиман - Центральный

Позиционные боевые действия в Красном Лимане.
Позиция ВСУ в жилой застройке микрорайона Центральный подверглась обстрелу ВС РФ. ВСУ увеличили зону контроля в городе на 800 метров.

 0:24 `48.98936,37.82360`    

Источник https://t.me/Secrets_of_Vinakos/17259
Геопривязка https://x.com/ZoamSc2
#ua</name>
            <description>https://t.me/creamy_caprice/13018</description>
            <ExtendedData>
                <Data name="описание">
                    <value>https://t.me/creamy_caprice/13018</value>
                </Data>
                <Data name="позиция">
                    <value>ВСУ</value>
                </Data>
                <Data name="дата">
                    <value>2026.09.06</value>
                </Data>
            </ExtendedData>
            <Point id="1797550">
                <coordinates>37.82360,48.98936,0.0</coordinates>
            </Point>
        </Placemark>
        <Placemark id="1797557">
            <name>07.09.26 Красный Лиман - Святогорск

Последствия боевых действий в районе Красного Лимана.
Командующий 3-м армейским корпусом ВСУ Андрей Билецкий записывает на мосту через Северский Донец у Святогорской лавры видеообращение с заявлением о контроле Святогорска силами Украины. Удаление от зоны активности инфильтрационных групп ВС РФ 1,5 км.

 `49.03030,37.56985`         

Источник 21+ https://t.me/ab3army/7443
#ua #add</name>
            <description>https://t.me/creamy_caprice/12905</description>
            <ExtendedData>
                <Data name="описание">
                    <value>https://t.me/creamy_caprice/12905</value>
                </Data>
                <Data name="позиция">
                    <value>ВСУ</value>
                </Data>
                <Data name="дата">
                    <value>2026.09.07</value>
                </Data>
            </ExtendedData>
            <Point id="1797556">
                <coordinates>37.56985,49.03030,0.0</coordinates>
            </Point>
        </Placemark>
        <Placemark id="1797563">
            <name>07.09.26 Сумы - Могрица

Последствия боевых действий в Сумской зоне безопасности.
Военнослужащие ВСУ разворачивают флаг Украины в Могрице, заявляя контроль населённого пункта. Событие в 5 км от зоны контроля ВС РФ в Сумской области.

 `51.02480,35.11742`         

Источник 21+ https://t.me/shershni68/1162
Геопривязка https://t.me/Zabolocini
#ua #add</name>
            <description>https://t.me/creamy_caprice/12908</description>
            <ExtendedData>
                <Data name="описание">
                    <value>https://t.me/creamy_caprice/12908</value>
                </Data>
                <Data name="позиция">
                    <value>ВСУ</value>
                </Data>
                <Data name="дата">
                    <value>2026.09.07</value>
                </Data>
            </ExtendedData>
            <Point id="1797562">
                <coordinates>35.11742,51.02480,0.0</coordinates>
            </Point>
        </Placemark>
        <Placemark id="1797569">
            <name>07.09.26 Константиновка - Попасное

Позиционные боевые действия в районе Славянска.
ВС РФ продвинулись до 2 км севернее Константиновки и достигли новых позиций в Попасном. Передовая позиция ВС РФ в жилой застройке населённого пункта подверглась обстрелу со стороны ВСУ.

 `48.59412,37.70029`         

Источник 21+ https://t.me/official24ombr/2623
Геопривязка https://x.com/Bielitzling
Геопривязка https://t.me/Zabolocini
#ru</name>
            <description>https://t.me/creamy_caprice/12909</description>
            <ExtendedData>
                <Data name="описание">
                    <value>https://t.me/creamy_caprice/12909</value>
                </Data>
                <Data name="позиция">
                    <value>ВС РФ</value>
                </Data>
                <Data name="дата">
                    <value>2026.09.07</value>
                </Data>
            </ExtendedData>
            <Point id="1797568">
                <coordinates>37.70029,48.59412,0.0</coordinates>
            </Point>
        </Placemark>
        <Placemark id="1797575">
            <name>08.09.26 Дополнительно.

Позиция ВСУ в жилой застройке Редкодуба под обстрелом ВС РФ

 0:29 `49.18895,37.78444`    

Источник 21+ https://t.me/creamy_caprice/10989?comment=77196
#ua #add</name>
            <description>https://t.me/creamy_caprice/10989</description>
            <ExtendedData>
                <Data name="описание">
                    <value>https://t.me/creamy_caprice/10989</value>
                </Data>
                <Data name="позиция">
                    <value>ВСУ</value>
                </Data>
                <Data name="дата">
                    <value>2026.09.08</value>
                </Data>
            </ExtendedData>
            <Point id="1797574">
                <coordinates>37.78444,49.18895,0.0</coordinates>
            </Point>
        </Placemark>
        <Placemark id="1797581">
            <name>08.09.26 Дополнительно.

Обстрел позиций ВС РФ.

 0:53 `48.43607,37.20216`    
 1:19 `48.41905,37.21475`    

Источник 21+ https://t.me/creamy_caprice/12339?comment=77195
Геопривязка https://t.me/Zabolocini
#ru #add</name>
            <description>https://t.me/creamy_caprice/12339</description>
            <ExtendedData>
                <Data name="описание">
                    <value>https://t.me/creamy_caprice/12339</value>
                </Data>
                <Data name="позиция">
                    <value>ВС РФ</value>
                </Data>
                <Data name="дата">
                    <value>2026.09.08</value>
                </Data>
            </ExtendedData>
            <MultiGeometry id="1797580">
                <Point id="1797582">
                    <coordinates>37.20216,48.43607,0.0</coordinates>
                </Point>
                <Point id="1797584">
                    <coordinates>37.21475,48.41905,0.0</coordinates>
                </Point>
            </MultiGeometry>
        </Placemark>
        <Placemark id="1797591">
            <name>08.09.26 Константиновка - Ильиновка

Позиционные боевые действия в районе Горловки.
Передовая позиция ВС РФ в окрестностях Ильиновки обстреляна с дрона ВСУ. ВС РФ продвинулись более 1,5 км и заняли новые позиции на рубеже Ильиновка - Долгая Балка.

 1:22 `48.50679,37.64141`    

Источник 21+ https://t.me/bbs117_army/138
Геопривязка https://t.me/Zabolocini
#ru</name>
            <description>https://t.me/creamy_caprice/12916</description>
            <ExtendedData>
                <Data name="описание">
                    <value>https://t.me/creamy_caprice/12916</value>
                </Data>
                <Data name="позиция">
                    <value>ВС РФ</value>
                </Data>
                <Data name="дата">
                    <value>2026.09.08</value>
                </Data>
            </ExtendedData>
            <Point id="1797590">
                <coordinates>37.64141,48.50679,0.0</coordinates>
            </Point>
        </Placemark>
        <Placemark id="1797597">
            <name>08.09.26 Красноармейск - Дорожное

Позиционные боевые действия в районе Красноармейска.
Передовая позиция ВС РФ около Дорожного под огнём ВСУ. ВС РФ расширяют зону контроля до 700 метров на западных подступах к населённому пункту.

 1:19 `48.41905,37.21475`    

Источник 21+ https://www.instagram.com/reel/DdA0fEgMDTl
#ru</name>
            <description>https://t.me/creamy_caprice/12920</description>
            <ExtendedData>
                <Data name="описание">
                    <value>https://t.me/creamy_caprice/12920</value>
                </Data>
                <Data name="позиция">
                    <value>ВС РФ</value>
                </Data>
                <Data name="дата">
                    <value>2026.09.08</value>
                </Data>
            </ExtendedData>
            <Point id="1797596">
                <coordinates>37.21475,48.41905,0.0</coordinates>
            </Point>
        </Placemark>
        <Placemark id="1797603">
            <name>09.09.26 Дополнительно.

Обстрел со стороны ВСУ машины ВС РФ в Василевке и Днепрорудном

`47.39386,34.99437`         
`47.44040,35.29073`         

Источник 21+ https://t.me/creamy_caprice/10436?comment=77205
#ru #add</name>
            <description>https://t.me/creamy_caprice/10436</description>
            <ExtendedData>
                <Data name="описание">
                    <value>https://t.me/creamy_caprice/10436</value>
                </Data>
                <Data name="позиция">
                    <value>ВС РФ</value>
                </Data>
                <Data name="дата">
                    <value>2026.09.09</value>
                </Data>
            </ExtendedData>
            <MultiGeometry id="1797602">
                <Point id="1797604">
                    <coordinates>34.99437,47.39386,0.0</coordinates>
                </Point>
                <Point id="1797606">
                    <coordinates>35.29073,47.44040,0.0</coordinates>
                </Point>
            </MultiGeometry>
        </Placemark>
        <Placemark id="1797613">
            <name>09.09.26 Дополнительно.

Позиции ВС РФ в Беляковке под огнём ВСУ

 `48.18874,36.87596`         

Источник 21+ https://t.me/creamy_caprice/11900?comment=77208
#ru #add</name>
            <description>https://t.me/creamy_caprice/11900</description>
            <ExtendedData>
                <Data name="описание">
                    <value>https://t.me/creamy_caprice/11900</value>
                </Data>
                <Data name="позиция">
                    <value>ВС РФ</value>
                </Data>
                <Data name="дата">
                    <value>2026.09.09</value>
                </Data>
            </ExtendedData>
            <Point id="1797612">
                <coordinates>36.87596,48.18874,0.0</coordinates>
            </Point>
        </Placemark>
        <Placemark id="1797619">
            <name>09.09.26 Дополнительно.

Штурмовик ВС РФ зачищает позицию ВСУ

 `47.53535,35.82069`         

Источник https://t.me/creamy_caprice/12249?comment=77204
#ru #add</name>
            <description>https://t.me/creamy_caprice/12249</description>
            <ExtendedData>
                <Data name="описание">
                    <value>https://t.me/creamy_caprice/12249</value>
                </Data>
                <Data name="позиция">
                    <value>ВС РФ</value>
                </Data>
                <Data name="дата">
                    <value>2026.09.09</value>
                </Data>
            </ExtendedData>
            <Point id="1797618">
                <coordinates>35.82069,47.53535,0.0</coordinates>
            </Point>
        </Placemark>
        <Placemark id="1797625">
            <name>09.09.26 Павлоград - Варваровка - Сумы - Лекарское

Боевые действия в глубине обороны ВСУ.
Успешное поражение барражирующими боеприпасами со стороны ВС РФ подвижного состава ВСУ в Варваровке около Павлограда и рядом с Лекарским Сумской области. Удаление от зон контроля ВС РФ 85 и 25 км.

 0:11 `48.70158,35.98224`    
 0:38 `50.98664,34.52529`    

Источник https://t.me/The_Wrong_Side/31036
#ua #add</name>
            <description>https://t.me/creamy_caprice/12918</description>
            <ExtendedData>
                <Data name="описание">
                    <value>https://t.me/creamy_caprice/12918</value>
                </Data>
                <Data name="позиция">
                    <value>ВСУ</value>
                </Data>
                <Data name="дата">
                    <value>2026.09.09</value>
                </Data>
            </ExtendedData>
            <MultiGeometry id="1797624">
                <Point id="1797626">
                    <coordinates>35.98224,48.70158,0.0</coordinates>
                </Point>
                <Point id="1797628">
                    <coordinates>34.52529,50.98664,0.0</coordinates>
                </Point>
            </MultiGeometry>
        </Placemark>
        <Placemark id="1797635">
            <name>09.09.26 Великая Новосёлка - Перебудова

Позиционные боевые действия в районе Великой Новосёлки.
Артобстрел со стороны ВС РФ позиций ВСУ в населённом пункте Перебудова. События июнь 2026.

 `47.98855,36.73963`         

Источник https://t.me/RtrDonetsk/38290
Геопривязка https://x.com/moklasen
#ua #add</name>
            <description>https://t.me/creamy_caprice/12921</description>
            <ExtendedData>
                <Data name="описание">
                    <value>https://t.me/creamy_caprice/12921</value>
                </Data>
                <Data name="позиция">
                    <value>ВСУ</value>
                </Data>
                <Data name="дата">
                    <value>2026.09.09</value>
                </Data>
            </ExtendedData>
            <Point id="1797634">
                <coordinates>36.73963,47.98855,0.0</coordinates>
            </Point>
        </Placemark>
        <Placemark id="1797641">
            <name>10.09.26 Золочев - Гоптовка

Последствия боевых действий в Харьковской зоне безопасности.
Военнослужащие ВС РФ поднимают флаги своих боевых подразделений в населённом пункте Гоптовка, заявляя контроль позиций в жилой застройке. Увеличение зоны контроля ВС РФ до 600 метров.

 `50.28494,36.26479`         

Источник https://t.me/warriorofnorth/21859
#ru</name>
            <description>https://t.me/creamy_caprice/12925</description>
            <ExtendedData>
                <Data name="описание">
                    <value>https://t.me/creamy_caprice/12925</value>
                </Data>
                <Data name="позиция">
                    <value>ВС РФ</value>
                </Data>
                <Data name="дата">
                    <value>2026.09.10</value>
                </Data>
            </ExtendedData>
            <Point id="1797640">
                <coordinates>36.26479,50.28494,0.0</coordinates>
            </Point>
        </Placemark>
        <Placemark id="1797647">
            <name>10.09.26 Великий Бурлук - Слизнево

Активные боевые действия в Харьковской зоне безопасности.
Успешное поражение после серии ударов FPV-дронами танка ВСУ, когда он выходил на позицию в окрестностях Слизнево. Танк сгорел.
Удаление от зоны контроля ВС РФ 8 км.

 `50.16362,37.41878`         

Источник https://t.me/warriorofnorth/21862
Геопривязка https://x.com/RoadtoMars9
#ua #add</name>
            <description>https://t.me/creamy_caprice/12927</description>
            <ExtendedData>
                <Data name="описание">
                    <value>https://t.me/creamy_caprice/12927</value>
                </Data>
                <Data name="позиция">
                    <value>ВСУ</value>
                </Data>
                <Data name="дата">
                    <value>2026.09.10</value>
                </Data>
            </ExtendedData>
            <Point id="1797646">
                <coordinates>37.41878,50.16362,0.0</coordinates>
            </Point>
        </Placemark>
        <Placemark id="1797653">
            <name>10.09.26 Константиновка - Червоный

Штурм Константиновки.
Позиция ВС РФ около микрорайона Червоный обстреляна ВСУ. Увеличение зоны контроля ВС РФ более 500 метров в северной части города.

 1:03 `48.54777,37.65692`    

Источник 21+ https://t.me/kurt_compani_group/880
Геопривязка https://x.com/meowqai
#ru</name>
            <description>https://t.me/creamy_caprice/12931</description>
            <ExtendedData>
                <Data name="описание">
                    <value>https://t.me/creamy_caprice/12931</value>
                </Data>
                <Data name="позиция">
                    <value>ВС РФ</value>
                </Data>
                <Data name="дата">
                    <value>2026.09.10</value>
                </Data>
            </ExtendedData>
            <Point id="1797652">
                <coordinates>37.65692,48.54777,0.0</coordinates>
            </Point>
        </Placemark>
        <Placemark id="1797659">
            <name>11.09.26 Дополнительно.

Обстрел позиции ВСУ.

 `47.58309,35.90309`         

Источник https://t.me/creamy_caprice/12846?comment=77228
#ua #add</name>
            <description>https://t.me/creamy_caprice/12846</description>
            <ExtendedData>
                <Data name="описание">
                    <value>https://t.me/creamy_caprice/12846</value>
                </Data>
                <Data name="позиция">
                    <value>ВСУ</value>
                </Data>
                <Data name="дата">
                    <value>2026.09.11</value>
                </Data>
            </ExtendedData>
            <Point id="1797658">
                <coordinates>35.90309,47.58309,0.0</coordinates>
            </Point>
        </Placemark>
        <Placemark id="1797665">
            <name>11.09.26 Новониколаевка - Зоревка

Последствия боевых действий в районе Новониколаевки. Военнослужащий ВС РФ поднимает флаг России в населённом пункте Зоревка. Инфильтрационная активность в 3 км от зоны контроля ВС РФ. Событие не позднее конца июля 2026.

 `47.86169,36.05274`         

Источник https://t.me/voin_dv/21063
#ru #add</name>
            <description>https://t.me/creamy_caprice/12929</description>
            <ExtendedData>
                <Data name="описание">
                    <value>https://t.me/creamy_caprice/12929</value>
                </Data>
                <Data name="позиция">
                    <value>ВС РФ</value>
                </Data>
                <Data name="дата">
                    <value>2026.09.11</value>
                </Data>
            </ExtendedData>
            <Point id="1797664">
                <coordinates>36.05274,47.86169,0.0</coordinates>
            </Point>
        </Placemark>
        <Placemark id="1797671">
            <name>11.09.26 Великий Бурлук - Артельное

Позиционные боевые действия в Харьковской зоне безопасности.
Группа военнослужащий ВС РФ попала под обстрел ВСУ около Артельного на дороге в сторону Березняков. ВС РФ увеличивают зону контроля к северу от Артельного до 500 метров.

 0:19 `50.25295,37.60596`    

Источник 21+ https://t.me/DPSUkr/34983
Геопривязка https://t.me/domikpetra
#ru</name>
            <description>https://t.me/creamy_caprice/12933</description>
            <ExtendedData>
                <Data name="описание">
                    <value>https://t.me/creamy_caprice/12933</value>
                </Data>
                <Data name="позиция">
                    <value>ВС РФ</value>
                </Data>
                <Data name="дата">
                    <value>2026.09.11</value>
                </Data>
            </ExtendedData>
            <Point id="1797670">
                <coordinates>37.60596,50.25295,0.0</coordinates>
            </Point>
        </Placemark>
        <Placemark id="1797677">
            <name>12.09.26 Дополнительно.

Обстрел позиции ВСУ с сельскохозяйственных постройках на южной окраине Рай-Александровки.

 `48.79734,37.84427`         

Источник https://t.me/creamy_caprice/12276?comment=77229
#ua #add</name>
            <description>https://t.me/creamy_caprice/12276</description>
            <ExtendedData>
                <Data name="описание">
                    <value>https://t.me/creamy_caprice/12276</value>
                </Data>
                <Data name="позиция">
                    <value>ВСУ</value>
                </Data>
                <Data name="дата">
                    <value>2026.09.12</value>
                </Data>
            </ExtendedData>
            <Point id="1797676">
                <coordinates>37.84427,48.79734,0.0</coordinates>
            </Point>
        </Placemark>
        <Placemark id="1797683">
            <name>12.09.26 Орехов - Преображенка

Позиционные боевые действия в районе Орехова.
Передовая позиция ВС РФ в Преображенке под огнём ВСУ. ВС РФ продвинулись на 2 км, форсировали речку Конка и достигли новых позиций в восточной части жилой застройки.

 0:27 `47.56085,35.83810`    

Источник 21+ https://t.me/bolgarodessaanbu/286
Геопривязка https://t.me/Zabolocini
#ru</name>
            <description>https://t.me/creamy_caprice/12936</description>
            <ExtendedData>
                <Data name="описание">
                    <value>https://t.me/creamy_caprice/12936</value>
                </Data>
                <Data name="позиция">
                    <value>ВС РФ</value>
                </Data>
                <Data name="дата">
                    <value>2026.09.12</value>
                </Data>
            </ExtendedData>
            <Point id="1797682">
                <coordinates>35.83810,47.56085,0.0</coordinates>
            </Point>
        </Placemark>
        <Placemark id="1797689">
            <name>12.09.26 Орехов - Малая Токмачка

Позиционные боевые действия в районе Орехова.
ВС РФ заняли новые позиции в центральной части Малой Токмачки и увеличил зону контроля в жилой застройке до 1,5 км. Передовая позиция обстреляна ВСУ.

 0:06 `47.54151,35.87143`    

Источник 21+ https://t.me/bolgarodessaanbu/286
Геопривязка https://x.com/richardzai38580
#ru</name>
            <description>https://t.me/creamy_caprice/12937</description>
            <ExtendedData>
                <Data name="описание">
                    <value>https://t.me/creamy_caprice/12937</value>
                </Data>
                <Data name="позиция">
                    <value>ВС РФ</value>
                </Data>
                <Data name="дата">
                    <value>2026.09.12</value>
                </Data>
            </ExtendedData>
            <Point id="1797688">
                <coordinates>35.87143,47.54151,0.0</coordinates>
            </Point>
        </Placemark>
        <Placemark id="1797695">
            <name>12.09.26 Красноармейск - Сергеевка

Позиционные боевые действия в районе Красноармейска.
Военнослужащий ВС РФ попал под обстрел ВСУ восточнее Сергеевки. ВС РФ продвинулись на этом направлении более 3,5 км и увеличили зону контроля в окрестностях населённого пункта

 0:55 `48.30632,36.99676`    

Источник 21+ https://t.me/blacksky_3brop/180
Геопривязка https://t.me/Zabolocini
#ru</name>
            <description>https://t.me/creamy_caprice/12938</description>
            <ExtendedData>
                <Data name="описание">
                    <value>https://t.me/creamy_caprice/12938</value>
                </Data>
                <Data name="позиция">
                    <value>ВС РФ</value>
                </Data>
                <Data name="дата">
                    <value>2026.09.12</value>
                </Data>
            </ExtendedData>
            <Point id="1797694">
                <coordinates>36.99676,48.30632,0.0</coordinates>
            </Point>
        </Placemark>
        <Placemark id="1797701">
            <name>12.09.26 Гуляйполе - Косовцево

Позиционные боевые действия в районе Гуляйполя.
Позиция ВСУ в сельскохозяйственной постройке на окраине Косовцево обстреляна ВС РФ. Увеличение зоны контроля ВСУ до 1,5 км с продвижение в направлении реки Гайчур.

 `47.80973,36.15335`         

Источник https://t.me/rotabplaofficial5/428
Геопривязка https://x.com/richardzai38580
#ua</name>
            <description>https://t.me/creamy_caprice/12939</description>
            <ExtendedData>
                <Data name="описание">
                    <value>https://t.me/creamy_caprice/12939</value>
                </Data>
                <Data name="позиция">
                    <value>ВСУ</value>
                </Data>
                <Data name="дата">
                    <value>2026.09.12</value>
                </Data>
            </ExtendedData>
            <Point id="1797700">
                <coordinates>36.15335,47.80973,0.0</coordinates>
            </Point>
        </Placemark>
        <Placemark id="1797707">
            <name>12.09.26 Золочев - Малые Проходы

Активные боевые действия в Харьковской зоне безопасности.
Успешное поражение бронеавтомобиля ВСУ на трассе Харьков - Гоптовка FPV-дронами ВС РФ. Удаление от зоны контроля ВС РФ 6 км.

 `50.23431,36.27823`         

Источник https://t.me/yatarboys/847
Геопривязка https://t.me/p0dimorka
#ua #add</name>
            <description>https://t.me/creamy_caprice/12950</description>
            <ExtendedData>
                <Data name="описание">
                    <value>https://t.me/creamy_caprice/12950</value>
                </Data>
                <Data name="позиция">
                    <value>ВСУ</value>
                </Data>
                <Data name="дата">
                    <value>2026.09.12</value>
                </Data>
            </ExtendedData>
            <Point id="1797706">
                <coordinates>36.27823,50.23431,0.0</coordinates>
            </Point>
        </Placemark>
        <Placemark id="1797713">
            <name>12.09.26 Сумы - Запселье

Позиционные боевые действия в Сумской зоне безопасности.
Позиция ВСУ в населённом пункте Запселье под артиллерийским обстрелом ВС РФ. Уточнение зоны контроля ВСУ в Сумской области.

1:26 `51.02497,35.21132`         

Источник https://t.me/vremyapoletov/779
Геопривязка https://x.com/alexskichambe
#ua #add</name>
            <description>https://t.me/creamy_caprice/12981</description>
            <ExtendedData>
                <Data name="описание">
                    <value>https://t.me/creamy_caprice/12981</value>
                </Data>
                <Data name="позиция">
                    <value>ВСУ</value>
                </Data>
                <Data name="дата">
                    <value>2026.09.12</value>
                </Data>
            </ExtendedData>
            <Point id="1797712">
                <coordinates>35.21132,51.02497,0.0</coordinates>
            </Point>
        </Placemark>
        <Placemark id="1797719">
            <name>13.09.26 Дополнительно.

Позиция ВС РФ под огнём ВСУ.

 0:31 `51.10814,34.88406`    

Источник 21+ https://t.me/creamy_caprice/12495?comment=77243
#ru #add</name>
            <description>https://t.me/creamy_caprice/12495</description>
            <ExtendedData>
                <Data name="описание">
                    <value>https://t.me/creamy_caprice/12495</value>
                </Data>
                <Data name="позиция">
                    <value>ВС РФ</value>
                </Data>
                <Data name="дата">
                    <value>2026.09.13</value>
                </Data>
            </ExtendedData>
            <Point id="1797718">
                <coordinates>34.88406,51.10814,0.0</coordinates>
            </Point>
        </Placemark>
        <Placemark id="1797725">
            <name>13.09.26 Дополнительно.

Позиции ВС РФ под огнём ВСУ.

 `47.95432,36.64919`         
 `47.95331,36.64260`         

Источник 21+ https://t.me/creamy_caprice/12711?comment=77242
#ru #add</name>
            <description>https://t.me/creamy_caprice/12711</description>
            <ExtendedData>
                <Data name="описание">
                    <value>https://t.me/creamy_caprice/12711</value>
                </Data>
                <Data name="позиция">
                    <value>ВС РФ</value>
                </Data>
                <Data name="дата">
                    <value>2026.09.13</value>
                </Data>
            </ExtendedData>
            <MultiGeometry id="1797724">
                <Point id="1797726">
                    <coordinates>36.64919,47.95432,0.0</coordinates>
                </Point>
                <Point id="1797728">
                    <coordinates>36.64260,47.95331,0.0</coordinates>
                </Point>
            </MultiGeometry>
        </Placemark>
        <Placemark id="1797735">
            <name>13.09.26.Орехов - Червоная Криница

Позиционные боевые действия в районе Орехова.
Передовая позиция ВС РФ в жилой застройке Червоной Криницы подверглась обстрелу с дронов ВСУ. ВС РФ закрепились в населённом пункте и удерживают позиции под огнём противника. Увеличение зон контроля 7 км на северном фланге Орехова.

 0:25 `47.60794,35.88724`    

Источник 21+ https://www.facebook.com/reel/1397207015172889
Геопривязка https://t.me/Zabolocini
#ru</name>
            <description>https://t.me/creamy_caprice/12941</description>
            <ExtendedData>
                <Data name="описание">
                    <value>https://t.me/creamy_caprice/12941</value>
                </Data>
                <Data name="позиция">
                    <value>ВС РФ</value>
                </Data>
                <Data name="дата">
                    <value>2026.09.13</value>
                </Data>
            </ExtendedData>
            <Point id="1797734">
                <coordinates>35.88724,47.60794,0.0</coordinates>
            </Point>
        </Placemark>
        <Placemark id="1797741">
            <name>13.09.26 Межевая - Беляковка

Позиционные боевые действия в Днепропетровской зоне безопасности.
ВС РФ продвинулись более 1,5 км в районе Межевой и заняли новые позиции севернее Беляковки. Передовая позиция под артобстрелом ВСУ.

 0:45 `48.20531,36.88549`    

Источник 21+ https://t.me/armyUA59/366
Геопривязка https://t.me/Zabolocini
#ru</name>
            <description>https://t.me/creamy_caprice/12942</description>
            <ExtendedData>
                <Data name="описание">
                    <value>https://t.me/creamy_caprice/12942</value>
                </Data>
                <Data name="позиция">
                    <value>ВС РФ</value>
                </Data>
                <Data name="дата">
                    <value>2026.09.13</value>
                </Data>
            </ExtendedData>
            <Point id="1797740">
                <coordinates>36.88549,48.20531,0.0</coordinates>
            </Point>
        </Placemark>
        <Placemark id="1797747">
            <name>13.09.26 Славянск - Высоко-Ивановка

Активные боевые действия в Славянске.
Операторы FPV-дронов ВС РФ серией ударов сначала остановили, а потом сожгли бронеавтомобиль ВСУ на восточной окраине Славянска, когда тот попытался выдвинутся на боевую позицию. Удаление от зоны контроля ВС РФ 7 км.

 `48.85111,37.70704`         

Источник https://t.me/SouthernRepublic/36339
Геопривязка https://t.me/Zabolocini
#ua</name>
            <description>https://t.me/creamy_caprice/12943</description>
            <ExtendedData>
                <Data name="описание">
                    <value>https://t.me/creamy_caprice/12943</value>
                </Data>
                <Data name="позиция">
                    <value>ВСУ</value>
                </Data>
                <Data name="дата">
                    <value>2026.09.13</value>
                </Data>
            </ExtendedData>
            <Point id="1797746">
                <coordinates>37.70704,48.85111,0.0</coordinates>
            </Point>
        </Placemark>
        <Placemark id="1797753">
            <name>13.09.26 Золочев - Гоптовка

Позиционные боевые действия в Харьковской зоне безопасности.
Позиция ВС РФ на окраине Гоптовки обстреляна ВСУ. ВС РФ усиливают контроль позиций на ближних подступах к населённому пункту с востока.

 1:40 `50.28651,36.28518`    

Источник 21+ https://t.me/jacksons_dairy/13319
Геопривязка https://t.me/Zabolocini
#ru</name>
            <description>https://t.me/creamy_caprice/12945</description>
            <ExtendedData>
                <Data name="описание">
                    <value>https://t.me/creamy_caprice/12945</value>
                </Data>
                <Data name="позиция">
                    <value>ВС РФ</value>
                </Data>
                <Data name="дата">
                    <value>2026.09.13</value>
                </Data>
            </ExtendedData>
            <Point id="1797752">
                <coordinates>36.28518,50.28651,0.0</coordinates>
            </Point>
        </Placemark>
        <Placemark id="1797759">
            <name>13.09.26 Золочев - Ветеринарное

Позиционные боевые действия в Харьковской зоне безопасности.
ВС РФ продвинулись на 700 метров к востоку от Ветеринарного и заняли новые позиции. Передовая позиция ВС РФ под огнём ВСУ.

 1:15 `50.39191,36.17871`    

Источник 21+ https://t.me/jacksons_dairy/13319
Геопривязка https://t.me/domikpetra
#ru</name>
            <description>https://t.me/creamy_caprice/12946</description>
            <ExtendedData>
                <Data name="описание">
                    <value>https://t.me/creamy_caprice/12946</value>
                </Data>
                <Data name="позиция">
                    <value>ВС РФ</value>
                </Data>
                <Data name="дата">
                    <value>2026.09.13</value>
                </Data>
            </ExtendedData>
            <Point id="1797758">
                <coordinates>36.17871,50.39191,0.0</coordinates>
            </Point>
        </Placemark>
        <Placemark id="1797765">
            <name>13.09.26 Купянск - Ковшаровка

Позиционные боевые действия в районе Купянска.
Позиция ВС РФ в социальном учреждении посёлка Ковшаровка подверглась авиабомбовому удару со стороны ВСУ. Увеличение зоны контроля ВС РФ 500 метров, выход передовых подразделений в западную часть посёлка.

 `49.62975,37.67435`         

Источник 21+ https://t.me/soniah_hub/18199
Геопривязка https://x.com/Bielitzling
#ru</name>
            <description>https://t.me/creamy_caprice/12947</description>
            <ExtendedData>
                <Data name="описание">
                    <value>https://t.me/creamy_caprice/12947</value>
                </Data>
                <Data name="позиция">
                    <value>ВС РФ</value>
                </Data>
                <Data name="дата">
                    <value>2026.09.13</value>
                </Data>
            </ExtendedData>
            <Point id="1797764">
                <coordinates>37.67435,49.62975,0.0</coordinates>
            </Point>
        </Placemark>
        <Placemark id="1797771">
            <name>13.09.26 Великий Бурлук - Благодатное

Активные боевые действия в Харьковской зоне безопасности.
Операторы ВС РФ ударами дронов сожгли бронеавтомобиль ВСУ на окраине Благодатного. Удаление от зоны контроля ВС РФ 8 км.

 `50.22223,37.35660`         

Источник https://t.me/sudoplatov_official/9326
#ua #add</name>
            <description>https://t.me/creamy_caprice/12961</description>
            <ExtendedData>
                <Data name="описание">
                    <value>https://t.me/creamy_caprice/12961</value>
                </Data>
                <Data name="позиция">
                    <value>ВСУ</value>
                </Data>
                <Data name="дата">
                    <value>2026.09.13</value>
                </Data>
            </ExtendedData>
            <Point id="1797770">
                <coordinates>37.35660,50.22223,0.0</coordinates>
            </Point>
        </Placemark>
        <Placemark id="1797777">
            <name>14.09.26 Березнеговатое - Калуга

Боевые действия в глубине обороны ВСУ.
Заявлено как успешное поражение барражирующим боеприпасом ВС РФ радиолокационной станции ВСУ в районе населённого пункта Калуга в Николаевской области. Удаление от зоны контроля ВС РФ 75 км.

 `47.37147,32.90782`         

Источник https://t.me/The_Wrong_Side/31124
#ua #add</name>
            <description>https://t.me/creamy_caprice/12952</description>
            <ExtendedData>
                <Data name="описание">
                    <value>https://t.me/creamy_caprice/12952</value>
                </Data>
                <Data name="позиция">
                    <value>ВСУ</value>
                </Data>
                <Data name="дата">
                    <value>2026.09.14</value>
                </Data>
            </ExtendedData>
            <Point id="1797776">
                <coordinates>32.90782,47.37147,0.0</coordinates>
            </Point>
        </Placemark>
        <Placemark id="1797783">
            <name>14.09.26 Глухов - Лужки

Активные боевые действия в Сумской зоне безопасности.
Ударом FPV-дрона ВС РФ сожгли оставленную бронемашину ВСУ на трассе Е101 Москва - Киев около населённого пункта Лужки. Удаление от зоны контроля ВС РФ 12 км.

 `51.81018,34.11620`         

Источник https://t.me/warriorofnorth/21941
#ua #add</name>
            <description>https://t.me/creamy_caprice/12954</description>
            <ExtendedData>
                <Data name="описание">
                    <value>https://t.me/creamy_caprice/12954</value>
                </Data>
                <Data name="позиция">
                    <value>ВСУ</value>
                </Data>
                <Data name="дата">
                    <value>2026.09.14</value>
                </Data>
            </ExtendedData>
            <Point id="1797782">
                <coordinates>34.11620,51.81018,0.0</coordinates>
            </Point>
        </Placemark>
        <Placemark id="1797789">
            <name>14.09.26 Доброполье - Белицкое

Позиционные боевые действия в районе Красноармейска.
Авиабомбовый удар со стороны ВСУ по позиции ВС РФ в Белицком. ВС РФ продвинулись в городе и заняли новые позиции в южной части жилой застройки.

 `48.40218,37.17595`         

Источник 21+ https://t.me/soniah_hub/18214
Геопривязка https://x.com/richardzai38580
#ru</name>
            <description>https://t.me/creamy_caprice/12963</description>
            <ExtendedData>
                <Data name="описание">
                    <value>https://t.me/creamy_caprice/12963</value>
                </Data>
                <Data name="позиция">
                    <value>ВС РФ</value>
                </Data>
                <Data name="дата">
                    <value>2026.09.14</value>
                </Data>
            </ExtendedData>
            <Point id="1797788">
                <coordinates>37.17595,48.40218,0.0</coordinates>
            </Point>
        </Placemark>
        <Placemark id="1797795">
            <name>14.09.26 Красный Лиман - Колодези

Позиционные боевые действия в районе Красного Лимана.
Военнослужащий ВСУ попал под обстрел ВС РФ на окраине населённого пункта Колодези. Продвижение ВСУ около 5 км в направлении реки Жеребец.

 `49.08029,37.88389`         

Источник https://t.me/official144msd/4743
Геопривязка https://x.com/meowqai
#ua</name>
            <description>https://t.me/creamy_caprice/12964</description>
            <ExtendedData>
                <Data name="описание">
                    <value>https://t.me/creamy_caprice/12964</value>
                </Data>
                <Data name="позиция">
                    <value>ВСУ</value>
                </Data>
                <Data name="дата">
                    <value>2026.09.14</value>
                </Data>
            </ExtendedData>
            <Point id="1797794">
                <coordinates>37.88389,49.08029,0.0</coordinates>
            </Point>
        </Placemark>
        <Placemark id="1797801">
            <name>14.09.26 Славянск - Рай-Александровка

Позиционные боевые действия в районе Славянска.
Военнослужащий ВС РФ попал под обстрел ВСУ севернее Рай-Александровки. ВС РФ продвинулись в направлении Николаевки, увеличив зону контроля на 2 км.

 0:30 `48.83751,37.82608`    

Источник 21+ https://t.me/dolya_group/78
Геопривязка https://x.com/giK1893
#ru</name>
            <description>https://t.me/creamy_caprice/12975</description>
            <ExtendedData>
                <Data name="описание">
                    <value>https://t.me/creamy_caprice/12975</value>
                </Data>
                <Data name="позиция">
                    <value>ВС РФ</value>
                </Data>
                <Data name="дата">
                    <value>2026.09.14</value>
                </Data>
            </ExtendedData>
            <Point id="1797800">
                <coordinates>37.82608,48.83751,0.0</coordinates>
            </Point>
        </Placemark>
        <Placemark id="1797807">
            <name>14.09.26 Славянск - Рай-Александровка

Активные боевые действия в районе Славянска.
Инфильтрационная группа ВСУ в центре Рай-Александровки под огнём ВС РФ. Боевые действия в 1,5 км от границы зоны контроля ВС РФ.

 `48.80882,37.84696`         

Источник https://t.me/OMSBr_123/2722
Геопривязка https://x.com/hizzo_jay
#ua #add</name>
            <description>https://t.me/creamy_caprice/12976</description>
            <ExtendedData>
                <Data name="описание">
                    <value>https://t.me/creamy_caprice/12976</value>
                </Data>
                <Data name="позиция">
                    <value>ВСУ</value>
                </Data>
                <Data name="дата">
                    <value>2026.09.14</value>
                </Data>
            </ExtendedData>
            <Point id="1797806">
                <coordinates>37.84696,48.80882,0.0</coordinates>
            </Point>
        </Placemark>
        <Placemark id="1797813">
            <name>14.09.26 Славянск - Николаевка

Позиционные боевые действия в районе Славянска.
Военнослужащий ВС РФ попал под обстрел ВСУ около Рай-Александровки. ВС РФ продвигаются в направлении Николаевки и увеличивают контроль территорий на подступах к городу.

 0:20 `48.83363,37.81890`    

Источник 21+ https://t.me/dolya_group/78
Геопривязка https://t.me/Zabolocini
#ru</name>
            <description>https://t.me/creamy_caprice/12984</description>
            <ExtendedData>
                <Data name="описание">
                    <value>https://t.me/creamy_caprice/12984</value>
                </Data>
                <Data name="позиция">
                    <value>ВС РФ</value>
                </Data>
                <Data name="дата">
                    <value>2026.09.14</value>
                </Data>
            </ExtendedData>
            <Point id="1797812">
                <coordinates>37.81890,48.83363,0.0</coordinates>
            </Point>
        </Placemark>
        <Placemark id="1797819">
            <name>15.09.26 Дополнительно.

Позиция ВС РФ под огнём ВСУ.

 `48.47002,37.48630`         

Источник 21+ https://t.me/creamy_caprice/10355?comment=77301
#ru #add</name>
            <description>https://t.me/creamy_caprice/10355</description>
            <ExtendedData>
                <Data name="описание">
                    <value>https://t.me/creamy_caprice/10355</value>
                </Data>
                <Data name="позиция">
                    <value>ВС РФ</value>
                </Data>
                <Data name="дата">
                    <value>2026.09.15</value>
                </Data>
            </ExtendedData>
            <Point id="1797818">
                <coordinates>37.48630,48.47002,0.0</coordinates>
            </Point>
        </Placemark>
        <Placemark id="1797825">
            <name>15.09.26 Дополнительно.

Позиция ВС РФ под огнём ВСУ

 `49.72517,37.60663`         

Источник 21+ https://t.me/creamy_caprice/12349?comment=77302
#ru #add</name>
            <description>https://t.me/creamy_caprice/12349</description>
            <ExtendedData>
                <Data name="описание">
                    <value>https://t.me/creamy_caprice/12349</value>
                </Data>
                <Data name="позиция">
                    <value>ВС РФ</value>
                </Data>
                <Data name="дата">
                    <value>2026.09.15</value>
                </Data>
            </ExtendedData>
            <Point id="1797824">
                <coordinates>37.60663,49.72517,0.0</coordinates>
            </Point>
        </Placemark>
        <Placemark id="1797831">
            <name>15.09.26 Дополнительно.

Позиция ВСУ под обстрелом ВС РФ.

 `47.83197,36.32168`         

Источник https://t.me/creamy_caprice/12689?comment=77285
Геопривязка https://x.com/Bielitzling
#ua #add</name>
            <description>https://t.me/creamy_caprice/12689</description>
            <ExtendedData>
                <Data name="описание">
                    <value>https://t.me/creamy_caprice/12689</value>
                </Data>
                <Data name="позиция">
                    <value>ВСУ</value>
                </Data>
                <Data name="дата">
                    <value>2026.09.15</value>
                </Data>
            </ExtendedData>
            <Point id="1797830">
                <coordinates>36.32168,47.83197,0.0</coordinates>
            </Point>
        </Placemark>
        <Placemark id="1797837">
            <name>15.09.26 Красный Лиман - Среднее

Последствия боевых действий в районе Красного Лимана.
Военнослужащие ВСУ развернули флаг Украины в населённом пункте Среднее. Увеличение зоны контроля до 2 км по фронту и продвижение вдоль русла реки Нитриус.

 `49.12410,37.70724`         

Источник 21+ https://t.me/ab3army/7468
Геопривязка https://t.me/Zabolocini
#ua</name>
            <description>https://t.me/creamy_caprice/12956</description>
            <ExtendedData>
                <Data name="описание">
                    <value>https://t.me/creamy_caprice/12956</value>
                </Data>
                <Data name="позиция">
                    <value>ВСУ</value>
                </Data>
                <Data name="дата">
                    <value>2026.09.15</value>
                </Data>
            </ExtendedData>
            <Point id="1797836">
                <coordinates>37.70724,49.12410,0.0</coordinates>
            </Point>
        </Placemark>
        <Placemark id="1797843">
            <name>15.09.26 Красный Лиман - Новосёловка - Яровая - Александровка

Последствия боевых действий в районе Красного Лимана.
Военнослужащие ВСУ поднимают флаги Украины в населённых пунктах Новосёловка и Яровая. Увеличение зоны контроля ВСУ вдоль северного берега реки Северский Донец.

`49.07132,37.69154`         
`49.06233,37.63804`         
`49.12644,37.58551`         
 1:13 `49.07306,37.71257`    

Источник 21+ https://t.me/ab3army/7468
Геопривязка https://x.com/WagnerGeosint
Геопривязка https://x.com/Bielitzling
#ua</name>
            <description>https://t.me/creamy_caprice/12957</description>
            <ExtendedData>
                <Data name="описание">
                    <value>https://t.me/creamy_caprice/12957</value>
                </Data>
                <Data name="позиция">
                    <value>ВСУ</value>
                </Data>
                <Data name="дата">
                    <value>2026.09.15</value>
                </Data>
            </ExtendedData>
            <MultiGeometry id="1797842">
                <Point id="1797844">
                    <coordinates>37.69154,49.07132,0.0</coordinates>
                </Point>
                <Point id="1797846">
                    <coordinates>37.63804,49.06233,0.0</coordinates>
                </Point>
                <Point id="1797848">
                    <coordinates>37.58551,49.12644,0.0</coordinates>
                </Point>
                <Point id="1797850">
                    <coordinates>37.71257,49.07306,0.0</coordinates>
                </Point>
            </MultiGeometry>
        </Placemark>
        <Placemark id="1797857">
            <name>15.09.26 Краснополье - Покровка

Позиционные боевые действия в Сумской зоне безопасности.
Позиция ВС РФ в жилой застройке Покровки под огнём ВСУ. ВС РФ продвинулись до 500 метров и заняли новые позиции в южной части населённого пункта.

 0:08 `50.79567,35.39297`    

Источник 21+ https://t.me/tro119ua/111
Геопривязка https://t.me/domikpetra
#ru</name>
            <description>https://t.me/creamy_caprice/12958</description>
            <ExtendedData>
                <Data name="описание">
                    <value>https://t.me/creamy_caprice/12958</value>
                </Data>
                <Data name="позиция">
                    <value>ВС РФ</value>
                </Data>
                <Data name="дата">
                    <value>2026.09.15</value>
                </Data>
            </ExtendedData>
            <Point id="1797856">
                <coordinates>35.39297,50.79567,0.0</coordinates>
            </Point>
        </Placemark>
        <Placemark id="1797863">
            <name>15.09.26 Гуляйполе - Новосёловка

Позиционные боевые действия в районе Гуляйполя.
Передовая позиция ВС РФ под огневым воздействия РСЗО ВСУ. ВС РФ удерживают позиции на рубеже Новосёловка - Копани и расширяют контроль позиций около 800 метров.
Сектор обстрела:

 1:21 `47.65044,36.01902`    

Источник 21+ https://t.me/stepova_61/2301
Геопривязка https://t.me/domikpetra
#ru</name>
            <description>https://t.me/creamy_caprice/12966</description>
            <ExtendedData>
                <Data name="описание">
                    <value>https://t.me/creamy_caprice/12966</value>
                </Data>
                <Data name="позиция">
                    <value>ВС РФ</value>
                </Data>
                <Data name="дата">
                    <value>2026.09.15</value>
                </Data>
            </ExtendedData>
            <Point id="1797862">
                <coordinates>36.01902,47.65044,0.0</coordinates>
            </Point>
        </Placemark>
        <Placemark id="1797869">
            <name>15.09.26 Гуляйполе - Рыбное - Злагода

Позиционные боевые действия в районе Гуляйполе.
ВС РФ восстановили контроль территорий западнее Рыбного. Передовые позиции подверглись обстрелу со стороны ВСУ.

 0:33 `47.81728,36.30943`    
 0:52 `47.80644,36.31123`    

Источник 21+ https://www.facebook.com/reel/1628951815534855
Геопривязка https://t.me/domikpetra
#ru</name>
            <description>https://t.me/creamy_caprice/12967</description>
            <ExtendedData>
                <Data name="описание">
                    <value>https://t.me/creamy_caprice/12967</value>
                </Data>
                <Data name="позиция">
                    <value>ВС РФ</value>
                </Data>
                <Data name="дата">
                    <value>2026.09.15</value>
                </Data>
            </ExtendedData>
            <MultiGeometry id="1797868">
                <Point id="1797870">
                    <coordinates>36.30943,47.81728,0.0</coordinates>
                </Point>
                <Point id="1797872">
                    <coordinates>36.31123,47.80644,0.0</coordinates>
                </Point>
            </MultiGeometry>
        </Placemark>
        <Placemark id="1797879">
            <name>15.09.26 Великая Новосёлка - Камышеваха

Позиционные боевые действия в районе Великой Новосёлки.
Позиция ВСУ севернее Камышевахи обстреляна ВС РФ. Боевые действия в зоне контроля ВС РФ на глубине около 5 км.

 `47.90379,36.60982`         

Источник https://t.me/voin_dv/21124
Геопривязка https://x.com/moklasen
#ua #add</name>
            <description>https://t.me/creamy_caprice/12968</description>
            <ExtendedData>
                <Data name="описание">
                    <value>https://t.me/creamy_caprice/12968</value>
                </Data>
                <Data name="позиция">
                    <value>ВСУ</value>
                </Data>
                <Data name="дата">
                    <value>2026.09.15</value>
                </Data>
            </ExtendedData>
            <Point id="1797878">
                <coordinates>36.60982,47.90379,0.0</coordinates>
            </Point>
        </Placemark>
        <Placemark id="1797885">
            <name>15.09.26 Великий Бурлук - Сердобино

Активные боевые действия в Харьковской зоне безопасности.
Операторы дронов сожгли ударами FPV-дронов оставленный бронеавтомобиль ВСУ на просёлке к северу от Благодатного. Удаление от зоны контроля ВС РФ 7 км.

 `50.25136,37.35980`         

Источник https://t.me/sudoplatov_official/9340
#ua #add</name>
            <description>https://t.me/creamy_caprice/12973</description>
            <ExtendedData>
                <Data name="описание">
                    <value>https://t.me/creamy_caprice/12973</value>
                </Data>
                <Data name="позиция">
                    <value>ВСУ</value>
                </Data>
                <Data name="дата">
                    <value>2026.09.15</value>
                </Data>
            </ExtendedData>
            <Point id="1797884">
                <coordinates>37.35980,50.25136,0.0</coordinates>
            </Point>
        </Placemark>
        <Placemark id="1797891">
            <name>15.09.26 Краснополье - Рясное

Позиционные боевые действия в Сумской зоне безопасности.
ВС РФ форсировали речку Корова и заняли позиции на западном берегу. Продвижение ВС РФ 800 метров южнее Рясного.

 0:10 `50.66950,35.39767`    

Источник 21+ https://t.me/tro119ua/111
Геопривязка https://x.com/alexskichambe
#ru</name>
            <description>https://t.me/creamy_caprice/12978</description>
            <ExtendedData>
                <Data name="описание">
                    <value>https://t.me/creamy_caprice/12978</value>
                </Data>
                <Data name="позиция">
                    <value>ВС РФ</value>
                </Data>
                <Data name="дата">
                    <value>2026.09.15</value>
                </Data>
            </ExtendedData>
            <Point id="1797890">
                <coordinates>35.39767,50.66950,0.0</coordinates>
            </Point>
        </Placemark>
        <Placemark id="1797897">
            <name>16.09.26 Дополнительно.

Военнослужащие ВСУ фиксируют контроль Новосёловки.

 0:01 `49.07399,37.70472`    

Источник 21+ https://t.me/creamy_caprice/12957?comment=77288
Геопривязка https://x.com/ZoamSc2
#ua</name>
            <description>https://t.me/creamy_caprice/12957</description>
            <ExtendedData>
                <Data name="описание">
                    <value>https://t.me/creamy_caprice/12957</value>
                </Data>
                <Data name="позиция">
                    <value>ВСУ</value>
                </Data>
                <Data name="дата">
                    <value>2026.09.16</value>
                </Data>
            </ExtendedData>
            <Point id="1797896">
                <coordinates>37.70472,49.07399,0.0</coordinates>
            </Point>
        </Placemark>
        <Placemark id="1797903">
            <name>16.09.26 Орехов - Новоандреевка

Активные боевые действия в районе Орехова.
Заявлено как атака ВС РФ пехотным подразделением. Штурмовая группа зачищает позиции в жилой застройке Новоандреевки. Увеличение зоны контроль ВС РФ в населённом пункте 1 км.

 `47.54075,35.69704`         

Источник https://t.me/tass_agency/395559
Геопривязка https://t.me/Zabolocini
#ru</name>
            <description>https://t.me/creamy_caprice/12970</description>
            <ExtendedData>
                <Data name="описание">
                    <value>https://t.me/creamy_caprice/12970</value>
                </Data>
                <Data name="позиция">
                    <value>ВС РФ</value>
                </Data>
                <Data name="дата">
                    <value>2026.09.16</value>
                </Data>
            </ExtendedData>
            <Point id="1797902">
                <coordinates>35.69704,47.54075,0.0</coordinates>
            </Point>
        </Placemark>
        <Placemark id="1797909">
            <name>16.09.26 Доброполье - Доброполье

Позиционные боевые действия в районе Красноармейска.
Передовая позиция ВС РФ в жилой застройке села Доброполье подверглась обстрелу ВСУ. ВС РФ продвинулись на 800 метров и заняли новые позиции в западной части населённого пункта.

 0:17 `48.41982,37.03561`    

Источник 21+ https://t.me/Borsuky_503/567
Геопривязка https://t.me/Zabolocini
#ru</name>
            <description>https://t.me/creamy_caprice/12979</description>
            <ExtendedData>
                <Data name="описание">
                    <value>https://t.me/creamy_caprice/12979</value>
                </Data>
                <Data name="позиция">
                    <value>ВС РФ</value>
                </Data>
                <Data name="дата">
                    <value>2026.09.16</value>
                </Data>
            </ExtendedData>
            <Point id="1797908">
                <coordinates>37.03561,48.41982,0.0</coordinates>
            </Point>
        </Placemark>
        <Placemark id="1797915">
            <name>16.09.26 Двуречная - Западное

Активные боевые действия в районе Купянска.
Атака ВСУ пехотным подразделением в окрестностях Западного. Боевые действия за контроль позиций к востоку от населённого пункта, продвижение ВСУ 800 метров.

 `49.81865,37.62875`         

Источник 21+ https://t.me/rug_international/531
#ua #add</name>
            <description>https://t.me/creamy_caprice/12980</description>
            <ExtendedData>
                <Data name="описание">
                    <value>https://t.me/creamy_caprice/12980</value>
                </Data>
                <Data name="позиция">
                    <value>ВСУ</value>
                </Data>
                <Data name="дата">
                    <value>2026.09.16</value>
                </Data>
            </ExtendedData>
            <Point id="1797914">
                <coordinates>37.62875,49.81865,0.0</coordinates>
            </Point>
        </Placemark>
        <Placemark id="1797921">
            <name>16.09.26 Золочев - Гоптовка

Позиционные боевые действия в Харьковской зоне безопасности.
ВС РФ усилили контроль южных подступов к Готовке и заняли новые позиции около трассы на Харьков. Продвижение ВС РФ до 500 метров. Передовая позиция под огнём ВСУ.

 0:29 `50.28239,36.28477`    

Источник 21+ https://t.me/contraomnes4/300
Геопривязка https://t.me/domikpetra
#ru</name>
            <description>https://t.me/creamy_caprice/13065</description>
            <ExtendedData>
                <Data name="описание">
                    <value>https://t.me/creamy_caprice/13065</value>
                </Data>
                <Data name="позиция">
                    <value>ВС РФ*</value>
                </Data>
                <Data name="дата">
                    <value>2026.09.16</value>
                </Data>
            </ExtendedData>
            <Point id="1797920">
                <coordinates>36.28477,50.28239,0.0</coordinates>
            </Point>
        </Placemark>
        <Placemark id="1797927">
            <name>17.09.26 Дополнительно.

Позиция ВСУ под обстрелом ВС РФ

 0:22 `48.91415,37.88362`    

Источник https://t.me/creamy_caprice/12778?comment=77296
Геопривязка https://x.com/ZoamSc2
#ua #add</name>
            <description>https://t.me/creamy_caprice/12778</description>
            <ExtendedData>
                <Data name="описание">
                    <value>https://t.me/creamy_caprice/12778</value>
                </Data>
                <Data name="позиция">
                    <value>ВСУ</value>
                </Data>
                <Data name="дата">
                    <value>2026.09.17</value>
                </Data>
            </ExtendedData>
            <Point id="1797926">
                <coordinates>37.88362,48.91415,0.0</coordinates>
            </Point>
        </Placemark>
        <Placemark id="1797933">
            <name>17.09.26 Красноармейск - Гришино

Активные боевые действия в районе Красноармейска.
Группа военнослужащий ВС РФ попала под обстрел ВСУ западнее Гришино. ВС РФ занимают новые позиции на рубеже Мирное - Сергеевка под огнём противника. Продвижение ВС РФ более 1,5 км.

`48.32835,37.02429`    

Источник 21+ https://t.me/robert_magyar/2823
Геопривязка https://t.me/Zabolocini
#ru</name>
            <description>https://t.me/creamy_caprice/12983</description>
            <ExtendedData>
                <Data name="описание">
                    <value>https://t.me/creamy_caprice/12983</value>
                </Data>
                <Data name="позиция">
                    <value>ВС РФ</value>
                </Data>
                <Data name="дата">
                    <value>2026.09.17</value>
                </Data>
            </ExtendedData>
            <Point id="1797932">
                <coordinates>37.02429,48.32835,0.0</coordinates>
            </Point>
        </Placemark>
        <Placemark id="1797939">
            <name>17.09.26 Купянск - Тищенковка

Позиционные боевые действия в районе Купянска.
Передовая позиция ВС РФ в Тищенковке подверглась обстрелу со стороны ВСУ. ВС РФ увеличили зону контроля в насёленном пункте до 700 метров и заняли новые позиции в жилой застройке.

 `49.76798,37.55321`         

Источник 21+ https://www.instagram.com/bambi_no39/reel/DdY_Bw0ttMJ
Геопривязка https://x.com/Bielitzling
#ru</name>
            <description>https://t.me/creamy_caprice/12986</description>
            <ExtendedData>
                <Data name="описание">
                    <value>https://t.me/creamy_caprice/12986</value>
                </Data>
                <Data name="позиция">
                    <value>ВС РФ</value>
                </Data>
                <Data name="дата">
                    <value>2026.09.17</value>
                </Data>
            </ExtendedData>
            <Point id="1797938">
                <coordinates>37.55321,49.76798,0.0</coordinates>
            </Point>
        </Placemark>
        <Placemark id="1797945">
            <name>17.09.26 Двуречная - Западное

Активные боевые действия в районе Купянска.
Контратака ВС РФ в окрестностях Западного. Штурмовики ВС РФ зачищают позицию ВСУ в лесном массиве. Уточнение зоны контроля ВС РФ.
Район боевых действий:

 `49.81757,37.63023`         

Источник https://t.me/rashepilo/4930
#ru #add</name>
            <description>https://t.me/creamy_caprice/12987</description>
            <ExtendedData>
                <Data name="описание">
                    <value>https://t.me/creamy_caprice/12987</value>
                </Data>
                <Data name="позиция">
                    <value>ВС РФ</value>
                </Data>
                <Data name="дата">
                    <value>2026.09.17</value>
                </Data>
            </ExtendedData>
            <Point id="1797944">
                <coordinates>37.63023,49.81757,0.0</coordinates>
            </Point>
        </Placemark>
        <Placemark id="1797951">
            <name>17.09.26 Степногорск

Позиционные боевые действия в районе Каменского.
Позиция ВС РФ в жилой застройке Степногорска под обстрелом ВСУ. ВС РФ вернули утраченные позиции в частном секторе и увеличили зону контроля до 700 метров.

1:46 `47.58711,35.36551`         

Источник 21+ https://t.me/risk_dept/722
Геопривязка https://x.com/Bielitzling
#ru</name>
            <description>https://t.me/creamy_caprice/12989</description>
            <ExtendedData>
                <Data name="описание">
                    <value>https://t.me/creamy_caprice/12989</value>
                </Data>
                <Data name="позиция">
                    <value>ВС РФ</value>
                </Data>
                <Data name="дата">
                    <value>2026.09.17</value>
                </Data>
            </ExtendedData>
            <Point id="1797950">
                <coordinates>35.36551,47.58711,0.0</coordinates>
            </Point>
        </Placemark>
        <Placemark id="1797957">
            <name>17.09.26 Волчанск - Котовка

Контрбатарейная борьба в Харковской зоне безопасности.
Успешное поражение после удара FPV-дроном реактивной системы залпового огня ВСУ на позиции в населённом пункте Котовка. Удаление от зоны контроля ВС РФ 12 км.

 `50.13860,37.06789`         

Источник https://t.me/lost_armour/11322
#ua #add</name>
            <description>https://t.me/creamy_caprice/13005</description>
            <ExtendedData>
                <Data name="описание">
                    <value>https://t.me/creamy_caprice/13005</value>
                </Data>
                <Data name="позиция">
                    <value>ВСУ</value>
                </Data>
                <Data name="дата">
                    <value>2026.09.17</value>
                </Data>
            </ExtendedData>
            <Point id="1797956">
                <coordinates>37.06789,50.13860,0.0</coordinates>
            </Point>
        </Placemark>
        <Placemark id="1797963">
            <name>18.09.26 Великая Новосёлка - Воскресенка

Позиционные боевые действия в районе Великой Новосёлки.
ВС РФ удерживают позиции на рубеже Воскресенка - Январское под огнём противника. Позиция ВС РФ обстреляна с дрона ВСУ. Уточнение зоны контроля ВС РФ.

 1:56 `47.94808,36.61907`    

Источник 21+ https://www.facebook.com/reel/4356653907928386
Геопривязка https://t.me/domikpetra
#ru #add</name>
            <description>https://t.me/creamy_caprice/12991</description>
            <ExtendedData>
                <Data name="описание">
                    <value>https://t.me/creamy_caprice/12991</value>
                </Data>
                <Data name="позиция">
                    <value>ВС РФ</value>
                </Data>
                <Data name="дата">
                    <value>2026.09.18</value>
                </Data>
            </ExtendedData>
            <Point id="1797962">
                <coordinates>36.61907,47.94808,0.0</coordinates>
            </Point>
        </Placemark>
        <Placemark id="1797969">
            <name>18.09.26 Великий Бурлук - Бузово

Позиционные боевые действия в Харьковской зоне безопасности.
Авиабомбовый удар со стороны ВКС РФ по позициям ВСУ в населённом пункте Бузово. Применение авиационного боеприпаса с модулем планирования и коррекции. Удаление от зоны контроля ВС РФ 6 км. Уточнение зоны контроля ВСУ в Харьковской области.

 `50.27392,37.38735`         

Источник https://t.me/warriorofnorth/22037
#ua #add</name>
            <description>https://t.me/creamy_caprice/12992</description>
            <ExtendedData>
                <Data name="описание">
                    <value>https://t.me/creamy_caprice/12992</value>
                </Data>
                <Data name="позиция">
                    <value>ВСУ</value>
                </Data>
                <Data name="дата">
                    <value>2026.09.18</value>
                </Data>
            </ExtendedData>
            <Point id="1797968">
                <coordinates>37.38735,50.27392,0.0</coordinates>
            </Point>
        </Placemark>
        <Placemark id="1797975">
            <name>18.09.26 Покровское - Январское

Активные боевые действия в Днепропетровской зоне безопасности.
Атака ВСУ пехотным подразделением в Январском. Налет на позиции ВС РФ в южной части населённого пункта. События до 27 августа 2026. Геопривязка по https://t.me/creamy_caprice/9937

 `47.94394,36.58428`         

Источник 21+ https://t.me/TR1AR1UM/332
Геопривязка https://x.com/Bielitzling
#ru</name>
            <description>https://t.me/creamy_caprice/12994</description>
            <ExtendedData>
                <Data name="описание">
                    <value>https://t.me/creamy_caprice/12994</value>
                </Data>
                <Data name="позиция">
                    <value>ВС РФ</value>
                </Data>
                <Data name="дата">
                    <value>2026.09.18</value>
                </Data>
            </ExtendedData>
            <Point id="1797974">
                <coordinates>36.58428,47.94394,0.0</coordinates>
            </Point>
        </Placemark>
        <Placemark id="1797981">
            <name>18.09.26 Константиновка - Веролюбовка

Последствия боевых действий в районе Славянска.
Военнослужащие ВС РФ поднимают в Веролюбовке флаги Российской Федерации и фиксируют контроль населённого пункта Вооруженными силами РФ. Продвижение ВС РФ до 2 км.

 `48.60673,37.73564`         
 `48.61003,37.72611`         

Источник https://t.me/SouthernRepublic/36451
#ru</name>
            <description>https://t.me/creamy_caprice/12995</description>
            <ExtendedData>
                <Data name="описание">
                    <value>https://t.me/creamy_caprice/12995</value>
                </Data>
                <Data name="позиция">
                    <value>ВС РФ</value>
                </Data>
                <Data name="дата">
                    <value>2026.09.18</value>
                </Data>
            </ExtendedData>
            <MultiGeometry id="1797980">
                <Point id="1797982">
                    <coordinates>37.73564,48.60673,0.0</coordinates>
                </Point>
                <Point id="1797984">
                    <coordinates>37.72611,48.61003,0.0</coordinates>
                </Point>
            </MultiGeometry>
        </Placemark>
        <Placemark id="1797991">
            <name>18.09.26 Павлоград - Новониколаевское

Боевые действия в глубине обороны ВСУ.
Успешное поражение со стороны ВС РФ радиолокационной станции ВСУ поблизости от населённого пункта Новониколаевское Павлоградского района. Удаление от зоны контроля ВС РФ 70 км.

 `48.69003,36.20952`         

Источник https://t.me/The_Wrong_Side/31174
#ua #add</name>
            <description>https://t.me/creamy_caprice/12997</description>
            <ExtendedData>
                <Data name="описание">
                    <value>https://t.me/creamy_caprice/12997</value>
                </Data>
                <Data name="позиция">
                    <value>ВСУ</value>
                </Data>
                <Data name="дата">
                    <value>2026.09.18</value>
                </Data>
            </ExtendedData>
            <Point id="1797990">
                <coordinates>36.20952,48.69003,0.0</coordinates>
            </Point>
        </Placemark>
        <Placemark id="1797997">
            <name>18.09.26 Великий Бурлук - Бузово

Активные боевые действия в Харьковской зоне безопасности.
Операторы FPV-дронов ударами сожгли бронеавтомобиль ВСУ в окрестностях населённого пункта Бузово. Удаление от зоны контроля ВС РФ 8 км.

 `50.25866,37.34646`         

Источник https://t.me/sudoplatov_official/9352
#ua #add</name>
            <description>https://t.me/creamy_caprice/13001</description>
            <ExtendedData>
                <Data name="описание">
                    <value>https://t.me/creamy_caprice/13001</value>
                </Data>
                <Data name="позиция">
                    <value>ВСУ</value>
                </Data>
                <Data name="дата">
                    <value>2026.09.18</value>
                </Data>
            </ExtendedData>
            <Point id="1797996">
                <coordinates>37.34646,50.25866,0.0</coordinates>
            </Point>
        </Placemark>
        <Placemark id="1798003">
            <name>18.09.26 Купянск - Новоосиново

Позиционные боевые действия в районе Купянска.
Военнослужащие ВС РФ попали под обстрел ВСУ в жилой застройке Новоосиново. ВС РФ увеличили зону контроля в населённом пункте на 800 метров, продвинувшись до восточной окраины.

 0:22 `49.62561,37.72469`    

Источник 21+ https://t.me/mechanized33/1111
Геопривязка https://x.com/Bielitzling
Геопривязка https://t.me/Yeihr
#ru</name>
            <description>https://t.me/creamy_caprice/13011</description>
            <ExtendedData>
                <Data name="описание">
                    <value>https://t.me/creamy_caprice/13011</value>
                </Data>
                <Data name="позиция">
                    <value>ВС РФ</value>
                </Data>
                <Data name="дата">
                    <value>2026.09.18</value>
                </Data>
            </ExtendedData>
            <Point id="1798002">
                <coordinates>37.72469,49.62561,0.0</coordinates>
            </Point>
        </Placemark>
        <Placemark id="1798009">
            <name>19.09.26 Дополнительно.

Позиция ВС РФ под обстрелом ВСУ.

 `48.48114,37.15164`         

Источник 21+ https://t.me/creamy_caprice/12844?comment=77335
Геопривязка https://x.com/Bielitzling
#ru #add</name>
            <description>https://t.me/creamy_caprice/12844</description>
            <ExtendedData>
                <Data name="описание">
                    <value>https://t.me/creamy_caprice/12844</value>
                </Data>
                <Data name="позиция">
                    <value>ВС РФ</value>
                </Data>
                <Data name="дата">
                    <value>2026.09.19</value>
                </Data>
            </ExtendedData>
            <Point id="1798008">
                <coordinates>37.15164,48.48114,0.0</coordinates>
            </Point>
        </Placemark>
        <Placemark id="1798015">
            <name>19.09.26 Великий Бурлук - Ольховатка

Позиционные боевые действия в Харьковской зоне безопасности.
Авиабомбовый удар со стороны ВКС РФ по позициям ВСУ в населённом пункте Ольховатка. Применение авиационного боеприпаса с модулем планирования и коррекции. Удаление от зоны контроля ВС РФ 5 км. Уточнение зоны контроля ВСУ.

 `50.18875,37.49863`         

Источник https://t.me/warriorofnorth/22049
#ua #add</name>
            <description>https://t.me/creamy_caprice/13003</description>
            <ExtendedData>
                <Data name="описание">
                    <value>https://t.me/creamy_caprice/13003</value>
                </Data>
                <Data name="позиция">
                    <value>ВСУ</value>
                </Data>
                <Data name="дата">
                    <value>2026.09.19</value>
                </Data>
            </ExtendedData>
            <Point id="1798014">
                <coordinates>37.49863,50.18875,0.0</coordinates>
            </Point>
        </Placemark>
        <Placemark id="1798021">
            <name>19.09.26 Красноармейск - Гулево

Активные боевые действия в районе Красноармейска.
Заявлено как пехотная атака ВС РФ в населённом пункте Гулево. Штурмовик ВС РФ занимает новые позиции, продвигаясь на восточной окраине населённого пункта. Увеличение зоны контроля ВС РФ до 3 км по направлению к Доброполью.

 `48.37119,36.97521`         

Источник https://t.me/zvezdanews/181251
#ru</name>
            <description>https://t.me/creamy_caprice/13007</description>
            <ExtendedData>
                <Data name="описание">
                    <value>https://t.me/creamy_caprice/13007</value>
                </Data>
                <Data name="позиция">
                    <value>ВС РФ</value>
                </Data>
                <Data name="дата">
                    <value>2026.09.19</value>
                </Data>
            </ExtendedData>
            <Point id="1798020">
                <coordinates>36.97521,48.37119,0.0</coordinates>
            </Point>
        </Placemark>
        <Placemark id="1798027">
            <name>19.09.26 Купянск - Дорошовка

Позиционные боевые действия в районе Купянска.
Боевая работа военнослужащих ВС РФ в Дорошовке. События предположительно середины лета 2025 года. Временная привязка. https://x.com/moklasen

 `49.82836,37.56960`         

Источник https://t.me/rashepilo/4964
#ru #add</name>
            <description>https://t.me/creamy_caprice/13009</description>
            <ExtendedData>
                <Data name="описание">
                    <value>https://t.me/creamy_caprice/13009</value>
                </Data>
                <Data name="позиция">
                    <value>ВС РФ</value>
                </Data>
                <Data name="дата">
                    <value>2026.09.19</value>
                </Data>
            </ExtendedData>
            <Point id="1798026">
                <coordinates>37.56960,49.82836,0.0</coordinates>
            </Point>
        </Placemark>
        <Placemark id="1798033">
            <name>20.09.26 Красный Лиман - Шандриголово - Дробышево

Последствия боевых действий в районе Красного Лимана.
Заявлено как военнослужащие ВСУ в центре Шандриголово и в Дробышево развернут флаг Украины. Увеличение зоны контроля ВСУ на 2,5 км

 `49.10187,37.71561`         
 `49.04481,37.72610`         
 `49.06803,37.72577`         

Источник 21+ https://t.me/ab3army/7495
#ua</name>
            <description>https://t.me/creamy_caprice/13013</description>
            <ExtendedData>
                <Data name="описание">
                    <value>https://t.me/creamy_caprice/13013</value>
                </Data>
                <Data name="позиция">
                    <value>ВСУ</value>
                </Data>
                <Data name="дата">
                    <value>2026.09.20</value>
                </Data>
            </ExtendedData>
            <MultiGeometry id="1798032">
                <Point id="1798034">
                    <coordinates>37.71561,49.10187,0.0</coordinates>
                </Point>
                <Point id="1798036">
                    <coordinates>37.72610,49.04481,0.0</coordinates>
                </Point>
                <Point id="1798038">
                    <coordinates>37.72577,49.06803,0.0</coordinates>
                </Point>
            </MultiGeometry>
        </Placemark>
        <Placemark id="1798045">
            <name>20.09.26 Великий Бурлук - Благодатное

Позиционные боевые действия в Харьковской зоне безопасности.
Заявлено как военнослужащие ВС РФ в населённом пункте Благодатное.

 `50.22101,37.35493`         

Источник https://t.me/warriorofnorth/22078
#ru #add</name>
            <description>https://t.me/creamy_caprice/13014</description>
            <ExtendedData>
                <Data name="описание">
                    <value>https://t.me/creamy_caprice/13014</value>
                </Data>
                <Data name="позиция">
                    <value>ВС РФ</value>
                </Data>
                <Data name="дата">
                    <value>2026.09.20</value>
                </Data>
            </ExtendedData>
            <Point id="1798044">
                <coordinates>37.35493,50.22101,0.0</coordinates>
            </Point>
        </Placemark>
        <Placemark id="1798051">
            <name>20.09.26 Доброполье - Новогришино

Позиционные боевые действия в районе Красноармейска.
Передовая позиция ВС РФ южнее Новогришино под огнём ВСУ. ВС РФ продвинулись более 3 км и заняли новые позиции на рубеже Новогришино - Мирное.

 1:15 `48.39810,37.03096`    

Источник 21+ https://t.me/ywjQfBTXyys5YWQy/907
Геопривязка https://x.com/giK1893
#ru</name>
            <description>https://t.me/creamy_caprice/13022</description>
            <ExtendedData>
                <Data name="описание">
                    <value>https://t.me/creamy_caprice/13022</value>
                </Data>
                <Data name="позиция">
                    <value>ВС РФ</value>
                </Data>
                <Data name="дата">
                    <value>2026.09.20</value>
                </Data>
            </ExtendedData>
            <Point id="1798050">
                <coordinates>37.03096,48.39810,0.0</coordinates>
            </Point>
        </Placemark>
        <Placemark id="1798057">
            <name>21.09.26 Дополнительно.

Военнослужащие ВС РФ бегают в флагами по Комару.

 `47.97722,36.75292`         

Источник https://t.me/creamy_caprice/9407?comment=77370
#ru #add</name>
            <description>https://t.me/creamy_caprice/9407</description>
            <ExtendedData>
                <Data name="описание">
                    <value>https://t.me/creamy_caprice/9407</value>
                </Data>
                <Data name="позиция">
                    <value>ВС РФ</value>
                </Data>
                <Data name="дата">
                    <value>2026.09.21</value>
                </Data>
            </ExtendedData>
            <Point id="1798056">
                <coordinates>36.75292,47.97722,0.0</coordinates>
            </Point>
        </Placemark>
        <Placemark id="1798063">
            <name>21.09.26 Доброполье

Позиционные боевые действия в районе Красноармейска.
Передовая позиция ВС РФ на территории производственных помещений Добропольской теплосети обстреляна ВСУ. Увеличение зоны контроля ВС РФ до 4 км, новые позиции в Доброполье.

 0:31 `48.45741,37.07722`    

Источник 21+ https://t.me/Centr_omega_NGU/10692
#ru</name>
            <description>https://t.me/creamy_caprice/13020</description>
            <ExtendedData>
                <Data name="описание">
                    <value>https://t.me/creamy_caprice/13020</value>
                </Data>
                <Data name="позиция">
                    <value>ВС РФ</value>
                </Data>
                <Data name="дата">
                    <value>2026.09.21</value>
                </Data>
            </ExtendedData>
            <Point id="1798062">
                <coordinates>37.07722,48.45741,0.0</coordinates>
            </Point>
        </Placemark>
        <Placemark id="1798069">
            <name>21.09.26 Константиновка - Подольское

Активные боевые действия в районе Славянска.
Атака ВС РФ пехотным подразделением. Штурмовая группа продвигается под огнём противника. ВС РФ берут под контроль западную окраину Подольского продвигаясь до 1,5 км около Константиновки.

 0:05 `48.57372,37.75940`    

Источник 21+ https://t.me/official24ombr/2691
Геопривязка https://x.com/AudaxonX
#ru</name>
            <description>https://t.me/creamy_caprice/13033</description>
            <ExtendedData>
                <Data name="описание">
                    <value>https://t.me/creamy_caprice/13033</value>
                </Data>
                <Data name="позиция">
                    <value>ВС РФ</value>
                </Data>
                <Data name="дата">
                    <value>2026.09.21</value>
                </Data>
            </ExtendedData>
            <Point id="1798068">
                <coordinates>37.75940,48.57372,0.0</coordinates>
            </Point>
        </Placemark>
        <Placemark id="1798075">
            <name>22.09.26 Краснополье- Великий Прикол

Активные боевые действия в Сумской зоне безопасности.
Атака ВС РФ пехотным подразделением. Группа военнослужащих ВС РФ попала под обстрел ВСУ в окрестностях населённого пункта Великий Прикол. ВС РФ продвинулись до 3,5 км и вышли на ближние подступы к Великому Приколу.

 `50.93814,35.26827`         

Источник 21+ https://t.me/tro119ua/124
Геопривязка https://t.me/Zabolocini
#ru</name>
            <description>https://t.me/creamy_caprice/13023</description>
            <ExtendedData>
                <Data name="описание">
                    <value>https://t.me/creamy_caprice/13023</value>
                </Data>
                <Data name="позиция">
                    <value>ВС РФ</value>
                </Data>
                <Data name="дата">
                    <value>2026.09.22</value>
                </Data>
            </ExtendedData>
            <Point id="1798074">
                <coordinates>35.26827,50.93814,0.0</coordinates>
            </Point>
        </Placemark>
        <Placemark id="1798081">
            <name>22.09.26 Красный Лиман - Шандриголово

Активные боевые действия в районе Красного Лимана.
Атака ВСУ пехотным подразделением в Шандриголово. Зачистка позиций ВС РФ в жилой застройке. Несколько военнослужащих ВС РФ попадает в плен ВСУ. Увеличение зоны контроля ВСУ в посёлке до 600 метров.

 1:40 `49.10149,37.72345`    

Источник 21+ https://t.me/ombr66/3040
Геопривязка https://x.com/99Dominik_
#ua</name>
            <description>https://t.me/creamy_caprice/13025</description>
            <ExtendedData>
                <Data name="описание">
                    <value>https://t.me/creamy_caprice/13025</value>
                </Data>
                <Data name="позиция">
                    <value>ВСУ</value>
                </Data>
                <Data name="дата">
                    <value>2026.09.22</value>
                </Data>
            </ExtendedData>
            <Point id="1798080">
                <coordinates>37.72345,49.10149,0.0</coordinates>
            </Point>
        </Placemark>
        <Placemark id="1798087">
            <name>22.09.26 Купянск - Калиново

Активные боевые действия в районе Купянска.
Атака ВСУ пехотным подразделением около Калиново. Движение штурмовой группы. Продвижение ВСУ около 2 км в направлении населённого пункта.

 `49.78550,37.61282`         

Источник 21+ https://t.me/rug_international/540
Геопривязка https://t.me/Yeihr
#ua</name>
            <description>https://t.me/creamy_caprice/13027</description>
            <ExtendedData>
                <Data name="описание">
                    <value>https://t.me/creamy_caprice/13027</value>
                </Data>
                <Data name="позиция">
                    <value>ВСУ</value>
                </Data>
                <Data name="дата">
                    <value>2026.09.22</value>
                </Data>
            </ExtendedData>
            <Point id="1798086">
                <coordinates>37.61282,49.78550,0.0</coordinates>
            </Point>
        </Placemark>
        <Placemark id="1798093">
            <name>22.09.26 Константиновка - Новосёловка

Штурм Константиновки.
Позиция ВС РФ в частном секторе под огнём с дрона ВСУ. ВС РФ продвинулись до 1,5 км в жилой застройке на западе города и заняли новые позиции в микрорайоне Новосёловка.

 0:29 `48.55063,37.63275`    

Источник 21+ https://t.me/Volyn100obrTrO/4041
Геопривязка https://x.com/meowqai
#ru</name>
            <description>https://t.me/creamy_caprice/13040</description>
            <ExtendedData>
                <Data name="описание">
                    <value>https://t.me/creamy_caprice/13040</value>
                </Data>
                <Data name="позиция">
                    <value>ВС РФ</value>
                </Data>
                <Data name="дата">
                    <value>2026.09.22</value>
                </Data>
            </ExtendedData>
            <Point id="1798092">
                <coordinates>37.63275,48.55063,0.0</coordinates>
            </Point>
        </Placemark>
        <Placemark id="1798099">
            <name>23.09.26 Дополнительно.

Подняты флаги РФ в Запорожье

 `47.85215,36.52958`         

Источник https://t.me/creamy_caprice/12180?comment=77369
#ru</name>
            <description>https://t.me/creamy_caprice/12180</description>
            <ExtendedData>
                <Data name="описание">
                    <value>https://t.me/creamy_caprice/12180</value>
                </Data>
                <Data name="позиция">
                    <value>ВС РФ</value>
                </Data>
                <Data name="дата">
                    <value>2026.09.23</value>
                </Data>
            </ExtendedData>
            <Point id="1798098">
                <coordinates>36.52958,47.85215,0.0</coordinates>
            </Point>
        </Placemark>
        <Placemark id="1798105">
            <name>23.09.26 Орехов - Егоровка

Позиционные боевые действия в районе Орехова.
Передовая позиция ВС РФ в жилой застройке Егоровки под обстрелом с дрона ВСУ. ВС РФ продвинулись более 3.5 км на северном охвате Орехова и заняли новые позиции в центральной части населённого пункта.

 0:34 `47.62648,35.93490`    

Источник 21+ https://t.me/stepova_61/2318
Геопривязка https://t.me/Zabolocini
#ru</name>
            <description>https://t.me/creamy_caprice/13030</description>
            <ExtendedData>
                <Data name="описание">
                    <value>https://t.me/creamy_caprice/13030</value>
                </Data>
                <Data name="позиция">
                    <value>ВС РФ</value>
                </Data>
                <Data name="дата">
                    <value>2026.09.23</value>
                </Data>
            </ExtendedData>
            <Point id="1798104">
                <coordinates>35.93490,47.62648,0.0</coordinates>
            </Point>
        </Placemark>
        <Placemark id="1798111">
            <name>23.09.26 Межевая - Беляковка

Позиционные боевые действия в Днепропетровской зоне безопасности.
Передовая позиция ВС РФ около Беляковки подверглась обстрелу ВСУ. ВС РФ увеличили зону контроля в окрестностях населённого пункта более 1 км по фронту и заняли новые позиции на северном берегу реки Солёная.

 0:24 `48.19531,36.89207`    

Источник 21+ https://t.me/armyUA59/373
Геопривязка https://t.me/Zabolocini
#ru</name>
            <description>https://t.me/creamy_caprice/13031</description>
            <ExtendedData>
                <Data name="описание">
                    <value>https://t.me/creamy_caprice/13031</value>
                </Data>
                <Data name="позиция">
                    <value>ВС РФ</value>
                </Data>
                <Data name="дата">
                    <value>2026.09.23</value>
                </Data>
            </ExtendedData>
            <Point id="1798110">
                <coordinates>36.89207,48.19531,0.0</coordinates>
            </Point>
        </Placemark>
        <Placemark id="1798117">
            <name>23.09.26 Красноармейск - Василевка

Позиционные боевые действия в районе Красноармейска.
Заявлено как обстрел позиции ВС РФ в окрестностях Василевки. ВС РФ увеличили зону контроля севернее населённого пункта до 3 км по фронту.

 0:18 `48.37555,37.04823`    

Источник 21+ https://www.instagram.com/artadivision/reel/DdbBzGttAeJ/
Геопривязка https://x.com/AudaxonX
#ru</name>
            <description>https://t.me/creamy_caprice/13032</description>
            <ExtendedData>
                <Data name="описание">
                    <value>https://t.me/creamy_caprice/13032</value>
                </Data>
                <Data name="позиция">
                    <value>ВС РФ</value>
                </Data>
                <Data name="дата">
                    <value>2026.09.23</value>
                </Data>
            </ExtendedData>
            <Point id="1798116">
                <coordinates>37.04823,48.37555,0.0</coordinates>
            </Point>
        </Placemark>
        <Placemark id="1798123">
            <name>23.09.26 Великая Новосёлка - Поддубное

Позиционные боевые действия в районе Великой Новосёлки.
Передовая позиция ВСУ около Поддубного подверглась обстрелу ВС РФ с применением реактивной системы залпового огня. Увеличение зоны контроля ВСУ до 1,5 км.
Сектор обстрела:

 `48.01342,36.71488`         

Источник https://t.me/btr80/41552
Геопривязка https://x.com/RoadtoMars9
#ua</name>
            <description>https://t.me/creamy_caprice/13038</description>
            <ExtendedData>
                <Data name="описание">
                    <value>https://t.me/creamy_caprice/13038</value>
                </Data>
                <Data name="позиция">
                    <value>ВСУ</value>
                </Data>
                <Data name="дата">
                    <value>2026.09.23</value>
                </Data>
            </ExtendedData>
            <Point id="1798122">
                <coordinates>36.71488,48.01342,0.0</coordinates>
            </Point>
        </Placemark>
        <Placemark id="1798129">
            <name>23.09.26 Славянск - Рай-Александровка

Позиционные боевые действия в районе Славянска.
ВС РФ обстреляли и успешно поразили охраняемый склад БК ВСУ. Детонация боекомплекта. ВСУ продвинулись на 1,5 км и заняли позиции в Рай-Александровке.

 `48.80667,37.85627`         

Источник https://t.me/OMSBr_123/2765
Геопривязка https://x.com/hizzo_jay
#ua</name>
            <description>https://t.me/creamy_caprice/13041</description>
            <ExtendedData>
                <Data name="описание">
                    <value>https://t.me/creamy_caprice/13041</value>
                </Data>
                <Data name="позиция">
                    <value>ВСУ</value>
                </Data>
                <Data name="дата">
                    <value>2026.09.23</value>
                </Data>
            </ExtendedData>
            <Point id="1798128">
                <coordinates>37.85627,48.80667,0.0</coordinates>
            </Point>
        </Placemark>
        <Placemark id="1798135">
            <name>24.09.26 Дополнительно.

Зачистка позиции ВСУ

 `48.58636,37.81401`         

Источник https://t.me/creamy_caprice/8553?comment=77412
#ru #add</name>
            <description>https://t.me/creamy_caprice/8553</description>
            <ExtendedData>
                <Data name="описание">
                    <value>https://t.me/creamy_caprice/8553</value>
                </Data>
                <Data name="позиция">
                    <value>ВС РФ</value>
                </Data>
                <Data name="дата">
                    <value>2026.09.24</value>
                </Data>
            </ExtendedData>
            <Point id="1798134">
                <coordinates>37.81401,48.58636,0.0</coordinates>
            </Point>
        </Placemark>
        <Placemark id="1798141">
            <name>24.09.26 Новониколаевка - Светлая Долина

Последствия боевых действий в районе Новониколаевки.
Инфильтрационная группа ВС РФ поднимает флаги России в населённом пункте Светлая Долина заявляя контроль жилой застройки. Продвижение 5 км.

 `47.87206,35.98255`         
 `47.87155,35.98878`         
 `47.86901,35.98699`         

Источник https://t.me/voin_dv/21260
#ru #add</name>
            <description>https://t.me/creamy_caprice/13034</description>
            <ExtendedData>
                <Data name="описание">
                    <value>https://t.me/creamy_caprice/13034</value>
                </Data>
                <Data name="позиция">
                    <value>ВС РФ</value>
                </Data>
                <Data name="дата">
                    <value>2026.09.24</value>
                </Data>
            </ExtendedData>
            <MultiGeometry id="1798140">
                <Point id="1798142">
                    <coordinates>35.98255,47.87206,0.0</coordinates>
                </Point>
                <Point id="1798144">
                    <coordinates>35.98878,47.87155,0.0</coordinates>
                </Point>
                <Point id="1798146">
                    <coordinates>35.98699,47.86901,0.0</coordinates>
                </Point>
            </MultiGeometry>
        </Placemark>
        <Placemark id="1798153">
            <name>24.09.26 Краматорск - Федоровка

Позиционные боевые действия в районе Славянска.
Штурмовые отряды ВС РФ продвинулись до 4 км по направлению к Краматорску и заняли новые позиции в сети опорных пунктов на гряде севернее Фёдоровки. Передовая позиция ВС РФ обстреляна с дрона ВСУ.

 0:48 `48.66756,37.72023`    

Источник 21+ https://t.me/DeepStateUA/23860
Геопривязка https://t.me/Zabolocini
#ru</name>
            <description>https://t.me/creamy_caprice/13037</description>
            <ExtendedData>
                <Data name="описание">
                    <value>https://t.me/creamy_caprice/13037</value>
                </Data>
                <Data name="позиция">
                    <value>ВС РФ</value>
                </Data>
                <Data name="дата">
                    <value>2026.09.24</value>
                </Data>
            </ExtendedData>
            <Point id="1798152">
                <coordinates>37.72023,48.66756,0.0</coordinates>
            </Point>
        </Placemark>
        <Placemark id="1798159">
            <name>25.09.26 Покровское - Андреевка - Новое Запорожье

Позиционные боевые действия в Днепропетровской зоне безопасности.
Позиции ВС РФ в жилой застройке Андреевки и Нового Запорожья под огнём ВСУ. ВС РФ продвинулись до 1 км в Андреевке и восстановили контроль позиций в южной части населённого пункта.

 0:16 `47.81849,36.20835`    
 0:23 `47.89041,36.19997`    
 0:09 `47.87654,36.25142`    

Источник 21+ https://www.facebook.com/reel/3276557749221244
Геопривязка https://t.me/domikpetra
#ru</name>
            <description>https://t.me/creamy_caprice/13043</description>
            <ExtendedData>
                <Data name="описание">
                    <value>https://t.me/creamy_caprice/13043</value>
                </Data>
                <Data name="позиция">
                    <value>ВС РФ*</value>
                </Data>
                <Data name="дата">
                    <value>2026.09.25</value>
                </Data>
            </ExtendedData>
            <MultiGeometry id="1798158">
                <Point id="1798160">
                    <coordinates>36.20835,47.81849,0.0</coordinates>
                </Point>
                <Point id="1798162">
                    <coordinates>36.19997,47.89041,0.0</coordinates>
                </Point>
                <Point id="1798164">
                    <coordinates>36.25142,47.87654,0.0</coordinates>
                </Point>
            </MultiGeometry>
        </Placemark>
        <Placemark id="1798171">
            <name>25.09.26 Глухов - Уланово

Позиционные боевые действия в Сумской зоне безопасности.
Передовая позиция ВС РФ в жилой застройке Уланово обстреляна с дрона ВСУ. ВС РФ продвинулись до 2,5 км в Глуховском районе и заняли новые позиции в центре Уланово.

 0:21 `51.75678,34.30443`    

Источник 21+ https://www.facebook.com/reel/948101608351437
Геопривязка https://t.me/domikpetra
#ru</name>
            <description>https://t.me/creamy_caprice/13044</description>
            <ExtendedData>
                <Data name="описание">
                    <value>https://t.me/creamy_caprice/13044</value>
                </Data>
                <Data name="позиция">
                    <value>ВС РФ*</value>
                </Data>
                <Data name="дата">
                    <value>2026.09.25</value>
                </Data>
            </ExtendedData>
            <Point id="1798170">
                <coordinates>34.30443,51.75678,0.0</coordinates>
            </Point>
        </Placemark>
        <Placemark id="1798177">
            <name>25.09.26 Великий Бурлук - Должанка

Позиционные боевые действия в Харьковской хоне безопасности.
Заявлено как применение ВСУ реактивной системы залпового огня для обстрела позиций ВС РФ в Должанке. Продвижение ВС РФ до 5 км.

 0:54 `50.18448,37.45916`    

Источник 21+ https://www.facebook.com/reel/2144087592808924
Геопривязка https://x.com/blinzka
#ru</name>
            <description>https://t.me/creamy_caprice/13045</description>
            <ExtendedData>
                <Data name="описание">
                    <value>https://t.me/creamy_caprice/13045</value>
                </Data>
                <Data name="позиция">
                    <value>ВС РФ*</value>
                </Data>
                <Data name="дата">
                    <value>2026.09.25</value>
                </Data>
            </ExtendedData>
            <Point id="1798176">
                <coordinates>37.45916,50.18448,0.0</coordinates>
            </Point>
        </Placemark>
        <Placemark id="1798183">
            <name>25.09.26 Купянск - Глушковка

Позиционные боевые действия в районе Купянска.
Позиция ВСУ восточнее Глушковки обстреляна ВС РФ. Удаление от зоны контроля ВС РФ 1,5 км. Уточнение зоны контроля ВСУ.

 `49.60422,37.76621`         

Источник https://t.me/russian_steel_onslaught/1792
Геопривязка https://x.com/giK1893
#ua #add</name>
            <description>https://t.me/creamy_caprice/13054</description>
            <ExtendedData>
                <Data name="описание">
                    <value>https://t.me/creamy_caprice/13054</value>
                </Data>
                <Data name="позиция">
                    <value>ВСУ</value>
                </Data>
                <Data name="дата">
                    <value>2026.09.25</value>
                </Data>
            </ExtendedData>
            <Point id="1798182">
                <coordinates>37.76621,49.60422,0.0</coordinates>
            </Point>
        </Placemark>
        <Placemark id="1798189">
            <name>26.09.26 Дополнительно.

Штурм позиции ВС РФ

 `48.96158,37.82081`         

Источник 21+ https://t.me/creamy_caprice/12240?comment=77403
#ru #add</name>
            <description>https://t.me/creamy_caprice/12240</description>
            <ExtendedData>
                <Data name="описание">
                    <value>https://t.me/creamy_caprice/12240</value>
                </Data>
                <Data name="позиция">
                    <value>ВС РФ</value>
                </Data>
                <Data name="дата">
                    <value>2026.09.26</value>
                </Data>
            </ExtendedData>
            <Point id="1798188">
                <coordinates>37.82081,48.96158,0.0</coordinates>
            </Point>
        </Placemark>
        <Placemark id="1798195">
            <name>26.09.26 Дополнительно.

Позиция ВС РФ обстреляна ВСУ.

 `47.93634,36.74634`         

Источник 21+ https://t.me/creamy_caprice/12711?comment=77402
Геопривязка https://t.me/domikpetra
#ru #add</name>
            <description>https://t.me/creamy_caprice/12711</description>
            <ExtendedData>
                <Data name="описание">
                    <value>https://t.me/creamy_caprice/12711</value>
                </Data>
                <Data name="позиция">
                    <value>ВС РФ</value>
                </Data>
                <Data name="дата">
                    <value>2026.09.26</value>
                </Data>
            </ExtendedData>
            <Point id="1798194">
                <coordinates>36.74634,47.93634,0.0</coordinates>
            </Point>
        </Placemark>
        <Placemark id="1798201">
            <name>26.09.26 Дополнительно.

Заявлено как штурм позиции ВС РФ в Николаевке

 `48.85902,37.78070`         

Источник 21+ https://t.me/creamy_caprice/12825?comment=77404
#ru #add</name>
            <description>https://t.me/creamy_caprice/12825</description>
            <ExtendedData>
                <Data name="описание">
                    <value>https://t.me/creamy_caprice/12825</value>
                </Data>
                <Data name="позиция">
                    <value>ВС РФ</value>
                </Data>
                <Data name="дата">
                    <value>2026.09.26</value>
                </Data>
            </ExtendedData>
            <Point id="1798200">
                <coordinates>37.78070,48.85902,0.0</coordinates>
            </Point>
        </Placemark>
        <Placemark id="1798207">
            <name>26.09.26 Доброполье - Черниговка

Позиционные боевые действия в районе Красноармейска.
Военнослужащий ВС РФ попал под обстрел ВСУ на терриконе шахты &quot;Белицкая&quot;. ВС РФ продвинулись на 2 км севернее Белицкого и заняли новые позиции в промзоне шахты.

 0:53 `48.42848,37.14740`    

Источник 21+ https://t.me/robert_magyar/2849
Геопривязка https://t.me/Zabolocini
#ru</name>
            <description>https://t.me/creamy_caprice/13046</description>
            <ExtendedData>
                <Data name="описание">
                    <value>https://t.me/creamy_caprice/13046</value>
                </Data>
                <Data name="позиция">
                    <value>ВС РФ*</value>
                </Data>
                <Data name="дата">
                    <value>2026.09.26</value>
                </Data>
            </ExtendedData>
            <Point id="1798206">
                <coordinates>37.14740,48.42848,0.0</coordinates>
            </Point>
        </Placemark>
        <Placemark id="1798213">
            <name>26.09.26 Купянск - Моначиновка

Активные боевые действия в районе Купянска.
Атака ВС РФ пехотным подразделением в окрестностях Моначиновки. Заявлено как действие диверсионно-разведывательной группы, налет на позицию ВСУ западнее населённого пункта. Боевые действия на удалении 5 км от зоны контроля ВС РФ.
Движение ДРГ:

 `49.81414,37.50836`         

Источник https://t.me/dgentlmen27/1962
Геопривязка https://t.me/p0dimorka
#ru #add</name>
            <description>https://t.me/creamy_caprice/13050</description>
            <ExtendedData>
                <Data name="описание">
                    <value>https://t.me/creamy_caprice/13050</value>
                </Data>
                <Data name="позиция">
                    <value>ВС РФ</value>
                </Data>
                <Data name="дата">
                    <value>2026.09.26</value>
                </Data>
            </ExtendedData>
            <Point id="1798212">
                <coordinates>37.50836,49.81414,0.0</coordinates>
            </Point>
        </Placemark>
        <Placemark id="1798219">
            <name>26.09.26 Великий Бурлук - Грачёвка

Позиционные боевые действия в Харьковской зоне безопасности.
Применение со стороны ВС РФ реактивной системы залпового огня для удара по позиции ВСУ в Грачёвке. Удаление от зоны контроля ВС РФ 2 км. Уточнение зоны контроля ВСУ.

 `50.27337,37.45933`         

Источник https://t.me/warriorofnorth/22216
#ua #add</name>
            <description>https://t.me/creamy_caprice/13052</description>
            <ExtendedData>
                <Data name="описание">
                    <value>https://t.me/creamy_caprice/13052</value>
                </Data>
                <Data name="позиция">
                    <value>ВСУ</value>
                </Data>
                <Data name="дата">
                    <value>2026.09.26</value>
                </Data>
            </ExtendedData>
            <Point id="1798218">
                <coordinates>37.45933,50.27337,0.0</coordinates>
            </Point>
        </Placemark>
        <Placemark id="1798225">
            <name>26.09.26 Часов Яр - Николаевка

Позиционные боевые действия в районе Славянска.
Передовая позиция ВС РФ в окрестностях Часового Яра под огнём ВСУ. ВС РФ продвинулись на запад от города и увеличили зону контроля до 800 метров.

 0:50 `48.58644,37.78858`    

Источник 21+ https://t.me/talion_army/355
Геопривязка https://t.me/Zabolocini
#ru</name>
            <description>https://t.me/creamy_caprice/13056</description>
            <ExtendedData>
                <Data name="описание">
                    <value>https://t.me/creamy_caprice/13056</value>
                </Data>
                <Data name="позиция">
                    <value>ВС РФ*</value>
                </Data>
                <Data name="дата">
                    <value>2026.09.26</value>
                </Data>
            </ExtendedData>
            <Point id="1798224">
                <coordinates>37.78858,48.58644,0.0</coordinates>
            </Point>
        </Placemark>
        <Placemark id="1798231">
            <name>26.09.26 Красный Лиман - Ставки

Позиционные боевые действия в районе Красного Лимана.
Позиция ВСУ около Ставков под огнём ВС РФ. ВСУ увеличили зону контроля на рубеже Красный Лиман - Ставки, продвинувшись на 2 км.

 1:18 `49.01507,37.86012`    

Источник https://t.me/BV25org/3596
Геопривязка https://x.com/moklasen
#ua</name>
            <description>https://t.me/creamy_caprice/13084</description>
            <ExtendedData>
                <Data name="описание">
                    <value>https://t.me/creamy_caprice/13084</value>
                </Data>
                <Data name="позиция">
                    <value>ВСУ*</value>
                </Data>
                <Data name="дата">
                    <value>2026.09.26</value>
                </Data>
            </ExtendedData>
            <Point id="1798230">
                <coordinates>37.86012,49.01507,0.0</coordinates>
            </Point>
        </Placemark>
        <Placemark id="1798237">
            <name>27.09.26 Глухов - Харьковка

Позиционные боевые действия в Сумской зоне безопасности.
Передовая позиция ВС РФ севернее деревни Харьковка подверглась артобстрелу ВСУ. ВС РФ заняли новые позиции и увеличили зону контроля до 800 метров от демаркационной линии в направлении Кучеровки.

 `51.70949,34.22168`         

Источник 21+ https://t.me/shadow_strike_27/1741
Геопривязка https://t.me/domikpetra
#ru</name>
            <description>https://t.me/creamy_caprice/13059</description>
            <ExtendedData>
                <Data name="описание">
                    <value>https://t.me/creamy_caprice/13059</value>
                </Data>
                <Data name="позиция">
                    <value>ВС РФ*</value>
                </Data>
                <Data name="дата">
                    <value>2026.09.27</value>
                </Data>
            </ExtendedData>
            <Point id="1798236">
                <coordinates>34.22168,51.70949,0.0</coordinates>
            </Point>
        </Placemark>
        <Placemark id="1798243">
            <name>27.09.26 Краматорск - Сергеевка

Контрбатарейная борьба на Славянском направлении.
Успешное поражение со стороны ВС РФ реактивной системы залпового огня ВСУ на огневой позиции около Сергеевки. Удаление от зоны контроля ВС РФ более 8 км.

 `48.67195,37.35283`         

Источник https://t.me/nm_dnr/15941
Геопривязка https://t.me/Zabolocini
#ua #add</name>
            <description>https://t.me/creamy_caprice/13060</description>
            <ExtendedData>
                <Data name="описание">
                    <value>https://t.me/creamy_caprice/13060</value>
                </Data>
                <Data name="позиция">
                    <value>ВСУ</value>
                </Data>
                <Data name="дата">
                    <value>2026.09.27</value>
                </Data>
            </ExtendedData>
            <Point id="1798242">
                <coordinates>37.35283,48.67195,0.0</coordinates>
            </Point>
        </Placemark>
        <Placemark id="1798249">
            <name>28.09.26 Дополнительно.

Обстрел позиции ВС РФ в нп Комар

 `47.97516,36.74277`         

Источник 21+ https://t.me/creamy_caprice/9382?comment=77422
#ru #add</name>
            <description>https://t.me/creamy_caprice/9382</description>
            <ExtendedData>
                <Data name="описание">
                    <value>https://t.me/creamy_caprice/9382</value>
                </Data>
                <Data name="позиция">
                    <value>ВС РФ</value>
                </Data>
                <Data name="дата">
                    <value>2026.09.28</value>
                </Data>
            </ExtendedData>
            <Point id="1798248">
                <coordinates>36.74277,47.97516,0.0</coordinates>
            </Point>
        </Placemark>
        <Placemark id="1798255">
            <name>28.09.26 Золочев - Токаревка

Позиционные боевые действия в Харьковской зоне безопасности.
Передовая позиция ВС РФ в жилой застройке Токаревки обстреляна ВСУ. ВС РФ продвинулись более 1 км и заняли новые позиции в восточной части населённого пункта.

 `50.28113,36.23940`         

Источник 21+ https://t.me/craftoriz/762
Геопривязка https://x.com/Bielitzling
#ru</name>
            <description>https://t.me/creamy_caprice/13066</description>
            <ExtendedData>
                <Data name="описание">
                    <value>https://t.me/creamy_caprice/13066</value>
                </Data>
                <Data name="позиция">
                    <value>ВС РФ*</value>
                </Data>
                <Data name="дата">
                    <value>2026.09.28</value>
                </Data>
            </ExtendedData>
            <Point id="1798254">
                <coordinates>36.23940,50.28113,0.0</coordinates>
            </Point>
        </Placemark>
        <Placemark id="1798261">
            <name>28.09.26 Глухов - Уланово

Последствия боевых действий в Сумской зоне безопасности.
Флаги России развёрнуты в населённом пункте Уланово.

 `51.75378,34.30846`         
 `51.75552,34.30736`         

Источник https://t.me/dva_majors/99687
#ru #add</name>
            <description>https://t.me/creamy_caprice/13067</description>
            <ExtendedData>
                <Data name="описание">
                    <value>https://t.me/creamy_caprice/13067</value>
                </Data>
                <Data name="позиция">
                    <value>ВС РФ</value>
                </Data>
                <Data name="дата">
                    <value>2026.09.28</value>
                </Data>
            </ExtendedData>
            <MultiGeometry id="1798260">
                <Point id="1798262">
                    <coordinates>34.30846,51.75378,0.0</coordinates>
                </Point>
                <Point id="1798264">
                    <coordinates>34.30736,51.75552,0.0</coordinates>
                </Point>
            </MultiGeometry>
        </Placemark>
        <Placemark id="1798271">
            <name>28.09.26 Красный Лиман - Карповка

Последствия боевых действий в районе Красного Лимана.
Военнослужащие ВФУ разворачивают флаг Украины в западной части Карповки, заявляя контроль населённого пункта силами Украины. Событие на удалении до 2 км от зоны контроля ВС РФ.

 `49.16776,37.71951`         

Источник 21+ https://www.facebook.com/watch/?v=29981544394778910
Геопривязка https://x.com/99Dominik_
#ua #add</name>
            <description>https://t.me/creamy_caprice/13070</description>
            <ExtendedData>
                <Data name="описание">
                    <value>https://t.me/creamy_caprice/13070</value>
                </Data>
                <Data name="позиция">
                    <value>ВСУ</value>
                </Data>
                <Data name="дата">
                    <value>2026.09.28</value>
                </Data>
            </ExtendedData>
            <Point id="1798270">
                <coordinates>37.71951,49.16776,0.0</coordinates>
            </Point>
        </Placemark>
        <Placemark id="1798277">
            <name>29.09.26 Дополнительно.

Боец ВС РФ попал под обстрел ВСУ

 `49.69861,37.60104`         

Источник 21+ https://t.me/creamy_caprice/12870?comment=77431
#ru #add</name>
            <description>https://t.me/creamy_caprice/12870</description>
            <ExtendedData>
                <Data name="описание">
                    <value>https://t.me/creamy_caprice/12870</value>
                </Data>
                <Data name="позиция">
                    <value>ВС РФ</value>
                </Data>
                <Data name="дата">
                    <value>2026.09.29</value>
                </Data>
            </ExtendedData>
            <Point id="1798276">
                <coordinates>37.60104,49.69861,0.0</coordinates>
            </Point>
        </Placemark>
        <Placemark id="1798283">
            <name>29.09.26 Красный Лиман - Редкодуб

Последствия боевых действий в районе Красного Лимана.
Военнослужащие ВФУ поднимают флаги Украины в Редкодубе. Увеличение зоны контроля ВФУ до 500 метров в северной части населённого пункта.

 `49.18915,37.79549`         

Источник 21+ https://t.me/DPSUkr/35230
Геопривязка https://t.me/DSPotapov
#ua</name>
            <description>https://t.me/creamy_caprice/13071</description>
            <ExtendedData>
                <Data name="описание">
                    <value>https://t.me/creamy_caprice/13071</value>
                </Data>
                <Data name="позиция">
                    <value>ВСУ*</value>
                </Data>
                <Data name="дата">
                    <value>2026.09.29</value>
                </Data>
            </ExtendedData>
            <Point id="1798282">
                <coordinates>37.79549,49.18915,0.0</coordinates>
            </Point>
        </Placemark>
        <Placemark id="1798289">
            <name>29.09.26 Красный Лиман - Новое - Катериновка

Последствия боевых действий в районе Красного Лимана.
Военнослужащие ВСУ поднимают флаги Украины в Новом и Катериновке, заявляя контроль населённых пунктов. Продвижение ВСУ до 2 км, контроль жилой застройки в Новом.

`49.16059,37.82740`         
`49.18252,37.86163`         

Источник 21+ https://t.me/ab3army/7524
#ua</name>
            <description>https://t.me/creamy_caprice/13072</description>
            <ExtendedData>
                <Data name="описание">
                    <value>https://t.me/creamy_caprice/13072</value>
                </Data>
                <Data name="позиция">
                    <value>ВСУ*</value>
                </Data>
                <Data name="дата">
                    <value>2026.09.29</value>
                </Data>
            </ExtendedData>
            <MultiGeometry id="1798288">
                <Point id="1798290">
                    <coordinates>37.82740,49.16059,0.0</coordinates>
                </Point>
                <Point id="1798292">
                    <coordinates>37.86163,49.18252,0.0</coordinates>
                </Point>
            </MultiGeometry>
        </Placemark>
        <Placemark id="1798299">
            <name>29.09.26 Великая Новосёлка - Шевченко

Активные боевые действия в районе Великой Новосёлки.
Военнослужащий ВСУ попал под обстрел ВС РФ на окраине Шевченко. Инфильтрационная активность ВСУ на глубине около 6 км в зоне контроля ВС РФ.

 `47.90266,36.66823`         

Источник https://t.me/army29th/1635
Геопривязка https://x.com/moklasen
#ua #add</name>
            <description>https://t.me/creamy_caprice/13073</description>
            <ExtendedData>
                <Data name="описание">
                    <value>https://t.me/creamy_caprice/13073</value>
                </Data>
                <Data name="позиция">
                    <value>ВСУ</value>
                </Data>
                <Data name="дата">
                    <value>2026.09.29</value>
                </Data>
            </ExtendedData>
            <Point id="1798298">
                <coordinates>36.66823,47.90266,0.0</coordinates>
            </Point>
        </Placemark>
        <Placemark id="1798305">
            <name>29.09.26 Сумы - Малая Корчаковка

Позиционные боевые действия в Сумской зоне безопасности.
Применение реактивной системы залпового огня для нанесения огневого поражения по позициям ВСУ в окрестностях Малой Корчаковки. Уточнение зоны контроля ВСУ.
Сектор обстрела:

 `51.09883,34.87669`         

Источник https://t.me/mod_russia/67728
Геопривязка https://x.com/jimmhelloman555
#ua #add</name>
            <description>https://t.me/creamy_caprice/13078</description>
            <ExtendedData>
                <Data name="описание">
                    <value>https://t.me/creamy_caprice/13078</value>
                </Data>
                <Data name="позиция">
                    <value>ВСУ</value>
                </Data>
                <Data name="дата">
                    <value>2026.09.29</value>
                </Data>
            </ExtendedData>
            <Point id="1798304">
                <coordinates>34.87669,51.09883,0.0</coordinates>
            </Point>
        </Placemark>
        <Placemark id="1798311">
            <name>30.09.26 Орехов - Егоровка

Последствия боевых действий в районе Орехова.
Военнослужащие ВС РФ подняли флаги России в Егоровке, заявляя контроль населённого пункта. Уточнение зоны контроля ВС РФ на северном охвате Орехова.

 `47.62172,35.94841`         
 `47.62349,35.94392`         
 `47.62268,35.94556`         

Источник https://t.me/voin_dv/21347
Геопривязка https://t.me/p0dimorka
#ru #add</name>
            <description>https://t.me/creamy_caprice/13075</description>
            <ExtendedData>
                <Data name="описание">
                    <value>https://t.me/creamy_caprice/13075</value>
                </Data>
                <Data name="позиция">
                    <value>ВС РФ</value>
                </Data>
                <Data name="дата">
                    <value>2026.09.30</value>
                </Data>
            </ExtendedData>
            <MultiGeometry id="1798310">
                <Point id="1798312">
                    <coordinates>35.94841,47.62172,0.0</coordinates>
                </Point>
                <Point id="1798314">
                    <coordinates>35.94392,47.62349,0.0</coordinates>
                </Point>
                <Point id="1798316">
                    <coordinates>35.94556,47.62268,0.0</coordinates>
                </Point>
            </MultiGeometry>
        </Placemark>
        <Placemark id="1798323">
            <name>30.09.26 Великий Бурлук - Ольховатка

Активные боевые действия в Харьковской зоне безопасности.
Механизированная атака ВСУ в составе двух единиц бронетехники в направлении Ольховатки. Огневой налёт на позиции ВС РФ в жилой застройке. Отход бронетехники с позиции. Боевые действия на глубине до 1,5 км в зоне контроля ВС РФ.

 `50.18764,37.50805`         

Источник 21+ https://www.youtube.com/watch?v=cjDggsofA0Q
Геопривязка https://t.me/domikpetra
Геопривязка https://x.com/Bielitzling
#ua #add</name>
            <description>https://t.me/creamy_caprice/13081</description>
            <ExtendedData>
                <Data name="описание">
                    <value>https://t.me/creamy_caprice/13081</value>
                </Data>
                <Data name="позиция">
                    <value>ВСУ</value>
                </Data>
                <Data name="дата">
                    <value>2026.09.30</value>
                </Data>
            </ExtendedData>
            <Point id="1798322">
                <coordinates>37.50805,50.18764,0.0</coordinates>
            </Point>
        </Placemark>
        <Placemark id="1798329">
            <name>30.09.26 Великий Бурлук - Ольховатка

Последствия боевых действий в харьковской зоне безопасности.
Военнослужащие ВС РФ поднимают флаг в центре Ольховатки, заявляя контроль жилой застройки. Продвижение по фронту 1 км.

 `50.17902,37.51056`         

Источник https://t.me/warriorofnorth/22318
Геопривязка https://t.me/p0dimorka
#ru</name>
            <description>https://t.me/creamy_caprice/13082</description>
            <ExtendedData>
                <Data name="описание">
                    <value>https://t.me/creamy_caprice/13082</value>
                </Data>
                <Data name="позиция">
                    <value>ВС РФ*</value>
                </Data>
                <Data name="дата">
                    <value>2026.09.30</value>
                </Data>
            </ExtendedData>
            <Point id="1798328">
                <coordinates>37.51056,50.17902,0.0</coordinates>
            </Point>
        </Placemark>
        <Placemark id="1798335">
            <name>30.09.26 Великий Бурлук - Сонино

Активные боевые действия в Харьковской зоне безопасности.
Серия ударов FPV-дронами и успешное поражение бронетранспортёра ВСУ во время выхода на позиции в населённом пункте Сонино. Удаление от зоны контроля ВС РФ 8 км.

 `50.06968,37.54554`         

Источник https://t.me/dva_majors/99801
Геопривязка https://lostarmour.info/
#ua #add</name>
            <description>https://t.me/creamy_caprice/13089</description>
            <ExtendedData>
                <Data name="описание">
                    <value>https://t.me/creamy_caprice/13089</value>
                </Data>
                <Data name="позиция">
                    <value>ВСУ</value>
                </Data>
                <Data name="дата">
                    <value>2026.09.30</value>
                </Data>
            </ExtendedData>
            <Point id="1798334">
                <coordinates>37.54554,50.06968,0.0</coordinates>
            </Point>
        </Placemark>
        <Placemark id="1798341">
            <name>30.09.26 Киев - Дарницкий

Уничтожение инфраструктурных объектов Украины.
Удар со стороны ВС РФ барражирующим боеприпасом по опоре вантового моста &quot;Южный&quot; через Днепр в Киеве. Удаление от зоны контроля ВС РФ более 200 км.

 `50.39481,30.59100`         

Источник https://t.me/Brigada_VARYAG/292
Геопривязка https://t.me/Zabolocini
#ua #add</name>
            <description>https://t.me/creamy_caprice/13091</description>
            <ExtendedData>
                <Data name="описание">
                    <value>https://t.me/creamy_caprice/13091</value>
                </Data>
                <Data name="позиция">
                    <value>ВСУ</value>
                </Data>
                <Data name="дата">
                    <value>2026.09.30</value>
                </Data>
            </ExtendedData>
            <Point id="1798340">
                <coordinates>30.59100,50.39481,0.0</coordinates>
            </Point>
        </Placemark>
        <Placemark id="1798347">
            <name>01.10.26 Красный Лиман - Центральный

Позиционные боевые действия в Красном Лимане.
Позиция ВС РФ в жилой застройке под огнём ВСУ. Боевые действия за контроль позиций в микрорайоне Центральный.

 0:07 `48.98622,37.81723`    

Источник 21+ https://www.instagram.com/reel/Dd8iegZgQRN
Геопривязка https://t.me/Zabolocini
#ru #add</name>
            <description>https://t.me/creamy_caprice/13088</description>
            <ExtendedData>
                <Data name="описание">
                    <value>https://t.me/creamy_caprice/13088</value>
                </Data>
                <Data name="позиция">
                    <value>ВС РФ</value>
                </Data>
                <Data name="дата">
                    <value>2026.10.01</value>
                </Data>
            </ExtendedData>
            <Point id="1798346">
                <coordinates>37.81723,48.98622,0.0</coordinates>
            </Point>
        </Placemark>
        <Placemark id="1798353">
            <name>01.10.26 Великий Бурлук - Черное

Активные боевые действия в Харьковской зоне безопасности.
Обстрел со стороны ВС РФ повреждённого и оставленного бронеавтомобиля ВСУ севернее населённого пункта Чёрное.Удаление от зоны контроля ВС РФ до 5 км.

 `50.23423,37.40700`         

Источник https://t.me/sudoplatov_official/9450
#ua #add</name>
            <description>https://t.me/creamy_caprice/13094</description>
            <ExtendedData>
                <Data name="описание">
                    <value>https://t.me/creamy_caprice/13094</value>
                </Data>
                <Data name="позиция">
                    <value>ВСУ</value>
                </Data>
                <Data name="дата">
                    <value>2026.10.01</value>
                </Data>
            </ExtendedData>
            <Point id="1798352">
                <coordinates>37.40700,50.23423,0.0</coordinates>
            </Point>
        </Placemark>
        <Placemark id="1798359">
            <name>01.10.26 Павлоград

Уничтожение административно-хозяйственных объектов Украины.
Возгорание в результате удара барражирующим боеприпасом со стороны ВС РФ здания информационно-вычислительного центра ПАО «ДТЭК Павлоградуголь» в Павлограде. Удаление от зоны контроля ВС РФ 70 км.

 `48.53164,35.86259`         

Источник https://t.me/voenacher/97208
#ua #add</name>
            <description>https://t.me/creamy_caprice/13096</description>
            <ExtendedData>
                <Data name="описание">
                    <value>https://t.me/creamy_caprice/13096</value>
                </Data>
                <Data name="позиция">
                    <value>ВСУ</value>
                </Data>
                <Data name="дата">
                    <value>2026.10.01</value>
                </Data>
            </ExtendedData>
            <Point id="1798358">
                <coordinates>35.86259,48.53164,0.0</coordinates>
            </Point>
        </Placemark>
        <Placemark id="1798365">
            <name>01.10.26 Золочев - Высокая Яруга

Последствия боевых действий в Харьковской зоне безопасности.
Военнослужащие ВС РФ поднимают флаги Российской Федерации в населённом пункте Высокая Яруга, заявляя контроль жилой застройки. Продвижение ВС РФ около 2 км от демаркационной линии.

 `50.27605,36.31544`         
 `50.27148,36.32251`         

Источник https://t.me/warriorofnorth/22339
Геопривязка https://t.me/p0dimorka
#ru</name>
            <description>https://t.me/creamy_caprice/13100</description>
            <ExtendedData>
                <Data name="описание">
                    <value>https://t.me/creamy_caprice/13100</value>
                </Data>
                <Data name="позиция">
                    <value>ВС РФ*</value>
                </Data>
                <Data name="дата">
                    <value>2026.10.01</value>
                </Data>
            </ExtendedData>
            <MultiGeometry id="1798364">
                <Point id="1798366">
                    <coordinates>36.31544,50.27605,0.0</coordinates>
                </Point>
                <Point id="1798368">
                    <coordinates>36.32251,50.27148,0.0</coordinates>
                </Point>
            </MultiGeometry>
        </Placemark>
    </Document>
</kml>
